0,1,2,3,4,5,6,7,8,9,10,11,12,13,14,15,16,17,18,19,20,21,22,23,24,25,26,27,28,29,30,31,32,33,34,35,36,37,38,39,40,41,42,43,44,45,46,47,48,49,50,51,52,53,54,55,56,57,58,59,60,61,62,63,64,65,66,67,68,69,70,71,72,73,74,75,76,77,78,79,80,81,82,83,84,85,86,87,88,89,90,91,92,93,94,95,96,97,98,99
1.85477614402771,1.5431081056594849,1.3393045663833618,1.2908607721328735,1.3034790754318237,1.298750877380371,1.2616243362426758,1.2232722043991089,1.2156705856323242,1.207018256187439,1.177425503730774,1.1733165979385376,1.155968427658081,1.1488100290298462,1.1815919876098633,1.1668909788131714,1.1173396110534668,1.1426682472229004,1.153184175491333,1.1305326223373413,1.1252591609954834,1.1066324710845947,1.1141632795333862,1.09970223903656,1.1062235832214355,1.1068271398544312,1.0862666368484497,1.069130778312683,1.0853701829910278,1.0686924457550049,1.044726848602295,1.0621088743209839,1.056146502494812,1.0652401447296143,1.0584595203399658,1.0739037990570068,1.0245288610458374,1.022641897201538,1.0219494104385376,1.0295838117599487,1.0499229431152344,1.0244423151016235,1.0326054096221924,1.0592111349105835,1.06856107711792,1.0226280689239502,1.0413203239440918,1.046055793762207,1.0281473398208618,1.0155766010284424,1.0229933261871338,1.0165070295333862,1.0268653631210327,1.0391480922698975,1.0053815841674805,1.0054816007614136,1.0206959247589111,1.0153447389602661,0.9941064119338989,0.9999793767929077,0.9836769700050354,0.9792389869689941,0.9997585415840149,0.9839142560958862,0.9669609069824219,0.9781473278999329,0.9875819087028503,0.97101229429245,0.9657471776008606,0.9646417498588562,0.9677024483680725,0.9853452444076538,0.965972363948822,0.953345000743866,0.9648212790489197,0.9713112711906433,0.9626497626304626,0.9648836255073547,1.000445008277893,0.9909147024154663,0.9870993494987488,0.9700717329978943,0.9536471962928772,0.9701911211013794,0.9636701941490173,0.9852544069290161,0.9836207628250122,0.9771779179573059,0.9830936193466187,0.9976612329483032,0.9775885939598083,0.9799323081970215,0.9456686973571777,0.9515778422355652,0.9399614334106445,0.9830301403999329,0.9587628245353699,0.9519488215446472,0.9371938705444336,0.9265633225440979
2.327709436416626,1.6015760898590088,1.4009897708892822,1.3862944841384888,1.332751989364624,1.3002574443817139,1.3110324144363403,1.3564764261245728,1.3467644453048706,1.260375738143921,1.2380503416061401,1.278523564338684,1.271310567855835,1.2767764329910278,1.2180887460708618,1.1985151767730713,1.1630685329437256,1.1291483640670776,1.1442278623580933,1.1693223714828491,1.1024004220962524,1.1323908567428589,1.1120221614837646,1.1037226915359497,1.054470181465149,1.0547822713851929,1.0516189336776733,1.0136967897415161,1.0211011171340942,1.020780324935913,1.0283499956130981,1.0114562511444092,1.0033576488494873,1.0099865198135376,1.0141037702560425,1.0093986988067627,1.0171499252319336,1.0114829540252686,1.0052238702774048,1.005980372428894,0.9820480942726135,0.9669028520584106,0.9812231063842773,0.9828678965568542,0.9698174595832825,0.9993622899055481,0.967835009098053,0.9646666646003723,0.9628521203994751,0.95806485414505,0.9617142677307129,0.9593139886856079,0.9742708206176758,0.9633054733276367,0.955282986164093,0.9389282464981079,0.9764233827590942,0.9648081064224243,0.9824806451797485,0.9712830781936646,0.9655360579490662,0.9531499147415161,0.9574742913246155,0.9447264075279236,0.9515032172203064,0.9505277872085571,0.945058286190033,0.9464367032051086,0.9244562983512878,0.907412588596344,0.9265546798706055,0.9205392599105835,0.9149678945541382,0.9157145619392395,0.9160429835319519,0.8942672610282898,0.9103074669837952,0.913779616355896,0.9338328242301941,0.9379154443740845,0.8781251311302185,0.9104080200195312,0.9002562761306763,0.8988636136054993,0.8851622343063354,0.8815832138061523,0.8893852233886719,0.8993661999702454,0.8860380053520203,0.8880636096000671,0.8709011673927307,0.8551782369613647,0.8478668332099915,0.8495537638664246,0.8344340324401855,0.8041151762008667,0.8068580031394958,0.8203518986701965,0.7784413695335388,0.7779537439346313
2.5776429176330566,1.9239461421966553,1.583766222000122,1.455317497253418,1.328834891319275,1.3504220247268677,1.3025461435317993,1.3004142045974731,1.3018662929534912,1.283203125,1.2391749620437622,1.1966869831085205,1.1984994411468506,1.1731947660446167,1.1746976375579834,1.198217749595642,1.1864348649978638,1.1520053148269653,1.1570470333099365,1.1421335935592651,1.1482781171798706,1.1422137022018433,1.119491457939148,1.1171057224273682,1.1236939430236816,1.1045609712600708,1.0850776433944702,1.0923833847045898,1.076493501663208,1.0714116096496582,1.0908098220825195,1.0467315912246704,1.0579174757003784,1.0452386140823364,1.0456348657608032,1.0324259996414185,1.025841474533081,1.0277631282806396,1.047486424446106,1.04961359500885,1.0246354341506958,1.010534405708313,1.0350916385650635,1.0520602464675903,1.0332034826278687,1.0235339403152466,1.02776038646698,1.015919804573059,1.0082675218582153,0.9937413334846497,0.9972114562988281,1.0082507133483887,0.9980216026306152,0.9914789795875549,1.018970012664795,1.021970510482788,1.0275356769561768,1.0300066471099854,1.0146911144256592,1.0005037784576416,0.9706826210021973,0.9929434657096863,1.0011943578720093,1.0186246633529663,0.993996798992157,1.0078803300857544,0.97221839427948,0.967755138874054,0.9645227193832397,0.9736188054084778,0.9692739248275757,0.9752811193466187,0.9672918319702148,0.9614478349685669,0.9587766528129578,0.9622554183006287,0.9609163403511047,0.9737419486045837,0.9312388300895691,0.9302555918693542,0.9473462104797363,0.9499426484107971,0.942701518535614,0.9577697515487671,0.9370158910751343,0.9224544167518616,0.9389747977256775,0.919796347618103,0.9249048829078674,0.9365706443786621,0.9433543086051941,0.9328486323356628,0.9065436720848083,0.8711957931518555,0.8882157206535339,0.888812243938446,0.8844079375267029,0.8952469229698181,0.8680658936500549,0.8695427179336548
2.6963913440704346,1.9011584520339966,1.6600290536880493,1.5402964353561401,1.4287288188934326,1.3469146490097046,1.3430095911026,1.3383296728134155,1.287977933883667,1.311367154121399,1.2607975006103516,1.2637873888015747,1.250507116317749,1.2488412857055664,1.2134371995925903,1.246647596359253,1.2390384674072266,1.2251793146133423,1.1926366090774536,1.18557870388031,1.1727886199951172,1.1707255840301514,1.1978551149368286,1.1777822971343994,1.1722404956817627,1.1568962335586548,1.1530612707138062,1.1502771377563477,1.1538746356964111,1.1465122699737549,1.1461056470870972,1.1353386640548706,1.1286872625350952,1.154988169670105,1.1404740810394287,1.140044927597046,1.154510259628296,1.1626017093658447,1.1497745513916016,1.1502469778060913,1.137807011604309,1.1478079557418823,1.1471422910690308,1.14659583568573,1.137667179107666,1.1373282670974731,1.1170934438705444,1.1074682474136353,1.1142566204071045,1.1142566204071045,1.1246248483657837,1.1159088611602783,1.123860478401184,1.1224879026412964,1.1295675039291382,1.111112356185913,1.1277081966400146,1.1166479587554932,1.1152565479278564,1.1239033937454224,1.1227378845214844,1.1127126216888428,1.1073815822601318,1.110366702079773,1.1076589822769165,1.1038603782653809,1.0831373929977417,1.0964099168777466,1.1100324392318726,1.0640439987182617,1.0674606561660767,1.065604329109192,1.0538115501403809,1.0739091634750366,1.0782028436660767,1.0787523984909058,1.069559931755066,1.0478771924972534,1.0523035526275635,1.0582202672958374,1.0542500019073486,1.037031888961792,1.0394800901412964,1.032346248626709,1.040767788887024,1.0285192728042603,0.9980344772338867,1.00127375125885,1.0014865398406982,0.9967384338378906,0.9918239712715149,0.9719778895378113,0.9706295132637024,0.9705562591552734,0.9839523434638977,0.9865878820419312,0.9903959631919861,0.972903847694397,0.9712203145027161,0.9811128973960876
1.433542013168335,1.4536858797073364,1.3635823726654053,1.2992357015609741,1.287132978439331,1.2831743955612183,1.258320689201355,1.2536166906356812,1.2309192419052124,1.2115744352340698,1.216938853263855,1.1986534595489502,1.1385897397994995,1.153612494468689,1.1430442333221436,1.120375394821167,1.0678435564041138,1.0907738208770752,1.0725300312042236,1.0287964344024658,1.0030813217163086,1.0110729932785034,1.0174438953399658,1.0208700895309448,1.0292571783065796,1.0326155424118042,0.981473982334137,0.9566726684570312,0.9512531161308289,0.9490338563919067,0.9025944471359253,0.9072768092155457,0.9064878225326538,0.9035099744796753,0.8979552984237671,0.8887753486633301,0.8797134757041931,0.8823853731155396,0.907103955745697,0.9071213603019714,0.8891410231590271,0.8937264680862427,0.9194449186325073,0.9065762758255005,0.9073955416679382,0.8855732083320618,0.8659487962722778,0.8446522355079651,0.873177707195282,0.861456573009491,0.868172824382782,0.8729969263076782,0.8615647554397583,0.8577459454536438,0.8439165949821472,0.8350459933280945,0.8089412450790405,0.8091673851013184,0.8101547360420227,0.8085631728172302,0.8276113271713257,0.8703725934028625,0.8534443974494934,0.801971971988678,0.8043091893196106,0.7925752997398376,0.8319712281227112,0.8323766589164734,0.8519021272659302,0.8541767001152039,0.8580816388130188,0.829500138759613,0.8565782308578491,0.8221718072891235,0.8306846022605896,0.7996716499328613,0.8085633516311646,0.8092207908630371,0.8073840141296387,0.8073344826698303,0.8000205755233765,0.8022421002388,0.8081453442573547,0.8023515939712524,0.78507000207901,0.8151082396507263,0.8146577477455139,0.7702428698539734,0.7907612919807434,0.7726163268089294,0.8029515147209167,0.802519679069519,0.7893722653388977,0.7515595555305481,0.7489299774169922,0.7583504915237427,0.7665888071060181,0.7762836813926697,0.7616239190101624,0.7509885430335999
1.386938452720642,1.3564436435699463,1.371404767036438,1.3518117666244507,1.3404215574264526,1.3646314144134521,1.3703691959381104,1.3346837759017944,1.2675933837890625,1.159633755683899,1.2096974849700928,1.1267544031143188,1.1351525783538818,1.1158267259597778,1.0706449747085571,1.0512456893920898,1.0392582416534424,1.0787514448165894,1.070966362953186,0.9909610748291016,1.010914921760559,0.9527196884155273,0.9819273352622986,0.9948986768722534,0.9487414360046387,0.9052809476852417,0.9454208016395569,0.9800845980644226,0.9281808733940125,0.8745964169502258,0.8717467188835144,0.8941211700439453,0.8665297627449036,0.8583512306213379,0.9095411896705627,0.8594154119491577,0.8520107865333557,0.8088780045509338,0.8378186225891113,0.8289045691490173,0.8385863900184631,0.8248448371887207,0.8221431374549866,0.8393071889877319,0.8563718199729919,0.7882112860679626,0.81687992811203,0.792812168598175,0.8202778697013855,0.7653066515922546,0.7663503885269165,0.7587352991104126,0.7578587532043457,0.7589002251625061,0.733244001865387,0.7709755897521973,0.750381350517273,0.7858702540397644,0.7744321227073669,0.7737692594528198,0.7661737203598022,0.7808764576911926,0.7357085943222046,0.7391148805618286,0.7243935465812683,0.7126017808914185,0.7542693018913269,0.7436622977256775,0.7054462432861328,0.7221340537071228,0.7098056674003601,0.6666989922523499,0.687954843044281,0.7298368215560913,0.7202516794204712,0.6826992034912109,0.6915176510810852,0.6849368810653687,0.6732129454612732,0.6739187836647034,0.6793466806411743,0.6710795164108276,0.6678485870361328,0.6956268548965454,0.7009053230285645,0.6895138621330261,0.6857323050498962,0.6846286058425903,0.6682882905006409,0.6889860033988953,0.6979915499687195,0.6727055907249451,0.6957994699478149,0.6864880323410034,0.6916433572769165,0.6724220514297485,0.6521507501602173,0.6751004457473755,0.670562744140625,0.6630295515060425
2.010449171066284,1.3899401426315308,1.4229060411453247,1.4720710515975952,1.4132834672927856,1.3552018404006958,1.2674744129180908,1.2832763195037842,1.2515857219696045,1.2896100282669067,1.295185923576355,1.2563116550445557,1.2223562002182007,1.2209399938583374,1.198233962059021,1.2073715925216675,1.1980658769607544,1.2034286260604858,1.1862068176269531,1.1650989055633545,1.19825279712677,1.1727596521377563,1.17330002784729,1.1840219497680664,1.1513292789459229,1.1536277532577515,1.1269643306732178,1.1487656831741333,1.1512972116470337,1.1463347673416138,1.1521989107131958,1.1328123807907104,1.1057664155960083,1.1129467487335205,1.1095834970474243,1.1051348447799683,1.1129624843597412,1.086932897567749,1.0832830667495728,1.087566614151001,1.0879817008972168,1.0974200963974,1.0680655241012573,1.0749443769454956,1.1106730699539185,1.100257158279419,1.0849790573120117,1.0655362606048584,1.075959324836731,1.100906252861023,1.093788504600525,1.0746405124664307,1.0811048746109009,1.089835524559021,1.0788019895553589,1.051710844039917,1.0623351335525513,1.0627391338348389,1.0943653583526611,1.0694669485092163,1.0572537183761597,1.052497386932373,1.0408483743667603,1.0234469175338745,1.0213888883590698,1.0410246849060059,1.05097234249115,1.0711053609848022,1.0460317134857178,1.052349328994751,1.036124587059021,1.0221978425979614,1.0274078845977783,1.0463371276855469,1.0360355377197266,1.0356428623199463,1.03492271900177,1.0130270719528198,1.0078401565551758,1.0041011571884155,0.9381843209266663,0.9533553123474121,0.932402491569519,0.9219509959220886,0.9101048111915588,0.9244381189346313,0.9281797409057617,0.9493891596794128,0.9193244576454163,0.934115469455719,0.941520631313324,0.9262107014656067,0.8890935778617859,0.8815266489982605,0.8833487629890442,0.8917762637138367,0.8808220624923706,0.8880025744438171,0.8788626790046692,0.8789828419685364
1.5428227186203003,1.384420394897461,1.3561747074127197,1.3583484888076782,1.3425663709640503,1.3406633138656616,1.3485749959945679,1.3363662958145142,1.3412683010101318,1.3886926174163818,1.3712618350982666,1.3358598947525024,1.2969502210617065,1.2934645414352417,1.3394660949707031,1.284967064857483,1.294179916381836,1.2659778594970703,1.1869398355484009,1.164990782737732,1.1712578535079956,1.1836565732955933,1.1537495851516724,1.1431732177734375,1.1618365049362183,1.159158706665039,1.0968959331512451,1.0710517168045044,1.0724117755889893,1.0780566930770874,1.0520099401474,1.0338225364685059,1.0543943643569946,1.051634669303894,1.0104180574417114,0.9739248156547546,0.9675895571708679,0.9722156524658203,0.9440803527832031,0.9386075735092163,0.9398753046989441,0.9609878659248352,0.9489440321922302,0.9106115698814392,0.9133080244064331,0.8988518714904785,0.9020596742630005,0.9245978593826294,0.9191269278526306,0.9090175032615662,0.9089260101318359,0.8802173733711243,0.8475202918052673,0.8690486550331116,0.8293365240097046,0.839685320854187,0.8725814819335938,0.8620976209640503,0.8327603936195374,0.8370078206062317,0.8470250964164734,0.8297789692878723,0.8405749201774597,0.8254194855690002,0.8125367760658264,0.8139497637748718,0.8201764225959778,0.8287710547447205,0.8205597996711731,0.7914191484451294,0.7855212092399597,0.8024373650550842,0.827475368976593,0.8259276747703552,0.8145717978477478,0.7691713571548462,0.7424065470695496,0.775841236114502,0.7632293701171875,0.7729069590568542,0.7763155102729797,0.7817271947860718,0.7688425183296204,0.7929125428199768,0.7943677306175232,0.7773240804672241,0.7746397256851196,0.8166451454162598,0.780971348285675,0.7893852591514587,0.7776209712028503,0.7621991038322449,0.7722808122634888,0.7701099514961243,0.7764047980308533,0.7709075212478638,0.7541279196739197,0.7448700666427612,0.7150104641914368,0.7277314066886902
1.3894853591918945,1.402335286140442,1.3901293277740479,1.3805568218231201,1.3406299352645874,1.3096606731414795,1.298125147819519,1.334234356880188,1.3021844625473022,1.2528094053268433,1.2236357927322388,1.1610442399978638,1.200789451599121,1.165528655052185,1.1508783102035522,1.1057446002960205,1.1177289485931396,1.1209661960601807,1.0795958042144775,1.0844972133636475,1.0891128778457642,1.0577384233474731,1.0633189678192139,1.0453702211380005,1.0615242719650269,1.0536071062088013,1.0135705471038818,1.023809552192688,1.0281860828399658,1.0014429092407227,1.0022069215774536,1.0057865381240845,0.9995924830436707,0.9910717606544495,1.00722074508667,0.9729241728782654,0.982010006904602,0.9750568270683289,0.9745297431945801,0.9908434152603149,0.9909108877182007,0.9683989882469177,0.9658066630363464,0.9568793177604675,0.9516111612319946,0.9415017366409302,0.9628511071205139,0.9295085072517395,0.9227501153945923,0.9340587854385376,0.9468568563461304,0.8927075266838074,0.9018703103065491,0.9000846147537231,0.8440261483192444,0.8382238745689392,0.8188337683677673,0.8480677008628845,0.8411879539489746,0.8266854882240295,0.8226035237312317,0.774501383304596,0.7734009027481079,0.8231582045555115,0.7864180207252502,0.8015342354774475,0.7765353918075562,0.7924894690513611,0.7874165773391724,0.7927060723304749,0.7422814965248108,0.7568467259407043,0.7262142896652222,0.7635926008224487,0.7423611283302307,0.7529445290565491,0.7570705413818359,0.745644748210907,0.7240486741065979,0.755555272102356,0.7547633051872253,0.7875948548316956,0.7423684000968933,0.7287007570266724,0.6973724365234375,0.6907019019126892,0.721397340297699,0.7023082971572876,0.7222489714622498,0.7121298909187317,0.7021755576133728,0.6828781962394714,0.691402792930603,0.7170505523681641,0.7137523889541626,0.676691472530365,0.6962925791740417,0.69066321849823,0.6856716871261597,0.6833823323249817
1.454519271850586,1.415340542793274,1.3508464097976685,1.3816708326339722,1.3328081369400024,1.2693088054656982,1.256874680519104,1.2839382886886597,1.2670233249664307,1.2104212045669556,1.2002252340316772,1.198866844177246,1.2696847915649414,1.2003991603851318,1.1860581636428833,1.1779488325119019,1.1654192209243774,1.1606415510177612,1.1642684936523438,1.1567827463150024,1.1551376581192017,1.168815016746521,1.14877450466156,1.1481369733810425,1.1237224340438843,1.112521767616272,1.1001522541046143,1.0444689989089966,1.0484284162521362,1.048498511314392,1.0506712198257446,1.07248055934906,1.050135850906372,1.048488736152649,1.0230273008346558,1.0594884157180786,1.0393081903457642,1.0157846212387085,1.0152513980865479,0.9950248599052429,1.008624792098999,0.9762380719184875,0.9379391670227051,0.9422475695610046,0.9618285298347473,0.9498772621154785,0.9120925068855286,0.9026947021484375,0.9032588601112366,0.9168962240219116,0.8818469047546387,0.9057751893997192,0.8937273025512695,0.8800163865089417,0.8783742785453796,0.8712912201881409,0.8654413819313049,0.8743510246276855,0.8805738091468811,0.8699960708618164,0.892844557762146,0.8840526938438416,0.8453654646873474,0.8659372925758362,0.8577395081520081,0.8529669642448425,0.8355730772018433,0.821382462978363,0.824763298034668,0.84514981508255,0.8243941068649292,0.8142316937446594,0.8357375264167786,0.8373834490776062,0.8243886828422546,0.8293123841285706,0.7997700572013855,0.8256875872612,0.8373393416404724,0.8185479044914246,0.8056357502937317,0.8049726486206055,0.8139495253562927,0.8265854120254517,0.8004251718521118,0.8045727014541626,0.8212112188339233,0.8033575415611267,0.8238826990127563,0.7896894812583923,0.769523024559021,0.7864715456962585,0.7654692530632019,0.7750526070594788,0.780470073223114,0.7681865692138672,0.7812336087226868,0.7925195097923279,0.7955870032310486,0.7756862044334412
1.4067851305007935,1.3576347827911377,1.3160814046859741,1.3025888204574585,1.3060561418533325,1.2800837755203247,1.2530282735824585,1.2499922513961792,1.2115286588668823,1.077130913734436,1.0400334596633911,1.0212520360946655,1.023808479309082,0.9999871253967285,0.952696681022644,0.968731701374054,0.9302606582641602,0.94874107837677,0.926540732383728,0.8701775670051575,0.9067500829696655,0.9196402430534363,0.8962702751159668,0.8753718137741089,0.9077930450439453,0.862233579158783,0.865920901298523,0.8677687644958496,0.8587880730628967,0.8377631902694702,0.8361601233482361,0.82768315076828,0.8673928380012512,0.8239403963088989,0.8530658483505249,0.8337923288345337,0.8230401277542114,0.8356140851974487,0.8458743691444397,0.8556391000747681,0.8301631212234497,0.7634262442588806,0.7962222695350647,0.7626870274543762,0.7795753479003906,0.7869248986244202,0.830352783203125,0.8030994534492493,0.79437655210495,0.7947853207588196,0.7675336599349976,0.8136656880378723,0.8015225529670715,0.7841471433639526,0.7931354641914368,0.7800653576850891,0.7939686179161072,0.7669024467468262,0.7778835892677307,0.7776826620101929,0.7403091788291931,0.7322965860366821,0.7659654021263123,0.7329059839248657,0.7739229202270508,0.7686614394187927,0.7714878916740417,0.761434018611908,0.755611777305603,0.7587572336196899,0.7568367719650269,0.7222179770469666,0.7371920943260193,0.6918192505836487,0.7090231776237488,0.7415353655815125,0.7201744318008423,0.7279346585273743,0.7132443785667419,0.6964218020439148,0.7129348516464233,0.7294279336929321,0.7068377137184143,0.7202534675598145,0.720633327960968,0.6874850988388062,0.7067814469337463,0.7109313607215881,0.691754937171936,0.7272615432739258,0.7242708802223206,0.6906810402870178,0.6992086172103882,0.6721089482307434,0.6809126138687134,0.6909802556037903,0.675301194190979,0.6910437941551208,0.6931285262107849,0.7050384879112244
1.7809358835220337,1.5046535730361938,1.3773330450057983,1.3657547235488892,1.3857735395431519,1.3576345443725586,1.364229440689087,1.3344210386276245,1.3058712482452393,1.2812258005142212,1.265573501586914,1.2479770183563232,1.2565374374389648,1.260620355606079,1.2398731708526611,1.1564232110977173,1.1681162118911743,1.166361689567566,1.1673450469970703,1.1717698574066162,1.1583305597305298,1.1222198009490967,1.1372344493865967,1.1499203443527222,1.140545129776001,1.1362369060516357,1.1269410848617554,1.1132558584213257,1.1270135641098022,1.127935528755188,1.110045313835144,1.0921293497085571,1.0893231630325317,1.1027369499206543,1.0677534341812134,1.104766607284546,1.098860502243042,1.098931908607483,1.07943856716156,1.0907410383224487,1.1103794574737549,1.1058021783828735,1.0879169702529907,1.0946084260940552,1.0798195600509644,1.0660369396209717,1.0622185468673706,1.0265352725982666,1.0084463357925415,0.985985279083252,0.9715040326118469,0.9062062501907349,0.8673818707466125,0.8895477056503296,0.9161744117736816,0.9143423438072205,0.8767575621604919,0.8663786053657532,0.8476802110671997,0.8604971766471863,0.8825040459632874,0.8506261110305786,0.8433160781860352,0.859775722026825,0.837756335735321,0.8141866326332092,0.8304808735847473,0.840121865272522,0.8457091450691223,0.8508313298225403,0.8387373685836792,0.8444446921348572,0.8260638117790222,0.8229131698608398,0.8728200793266296,0.8295426964759827,0.841993510723114,0.8402408361434937,0.8297162652015686,0.8293395638465881,0.8270615935325623,0.79599529504776,0.7905851602554321,0.7993230819702148,0.8111812472343445,0.8312999606132507,0.8099434971809387,0.8063143491744995,0.8119359612464905,0.8143776059150696,0.7721290588378906,0.7760551571846008,0.8028298616409302,0.7920534014701843,0.7618080377578735,0.763559877872467,0.7637885808944702,0.7693508863449097,0.7903968095779419,0.7688864469528198
2.20241117477417,1.5613535642623901,1.4296618700027466,1.2667025327682495,1.2578915357589722,1.281778335571289,1.2807048559188843,1.2796543836593628,1.2561895847320557,1.241286039352417,1.2546089887619019,1.2482272386550903,1.2652713060379028,1.2397054433822632,1.2422523498535156,1.2189273834228516,1.2121161222457886,1.23194420337677,1.2180911302566528,1.2380725145339966,1.2133779525756836,1.2040427923202515,1.2201663255691528,1.207809567451477,1.2110004425048828,1.2042121887207031,1.2069140672683716,1.2037230730056763,1.2037230730056763,1.2009389400482178,1.201345682144165,1.1977481842041016,1.1986180543899536,1.1738872528076172,1.1657495498657227,1.1849439144134521,1.1810295581817627,1.1598575115203857,1.1753469705581665,1.1719187498092651,1.1414469480514526,1.168721318244934,1.16950523853302,1.1527519226074219,1.14350426197052,1.160352349281311,1.1531574726104736,1.1530170440673828,1.1431124210357666,1.1268895864486694,1.0965546369552612,1.1960970163345337,1.1152572631835938,1.121444582939148,1.1101516485214233,1.0959644317626953,1.0972716808319092,1.106286883354187,1.1022394895553589,1.0677434206008911,1.0577746629714966,1.0673614740371704,1.0763981342315674,1.0618841648101807,1.0772489309310913,1.0771592855453491,1.0443416833877563,1.0574313402175903,1.0714019536972046,1.0546966791152954,1.0416805744171143,1.0449389219284058,1.0577430725097656,1.0625314712524414,1.041448950767517,1.0207178592681885,1.0088701248168945,1.0381003618240356,1.046519160270691,1.0329248905181885,1.0265783071517944,1.0145843029022217,1.011173129081726,0.9956079125404358,1.0066783428192139,1.0077046155929565,1.0063831806182861,1.0124489068984985,1.0230398178100586,1.0196551084518433,1.012569785118103,1.0035427808761597,1.020999789237976,0.991066575050354,0.9980791807174683,0.9974995851516724,1.0123164653778076,1.0221904516220093,1.0041652917861938,1.0070728063583374
1.3421107530593872,1.3325825929641724,1.3360414505004883,1.2817944288253784,1.2002466917037964,1.1976248025894165,1.2141555547714233,1.157720685005188,1.1508625745773315,1.1748689413070679,1.075558066368103,1.0759087800979614,1.091638445854187,1.1083558797836304,1.0760959386825562,1.058854341506958,1.0759905576705933,1.0599305629730225,1.0139528512954712,1.0275026559829712,1.014978051185608,0.9968448281288147,0.969063401222229,1.0206173658370972,0.9826827645301819,1.0172101259231567,0.995457112789154,0.9703431725502014,0.9543944001197815,1.0048635005950928,0.9909378886222839,0.9663816094398499,0.9793944954872131,1.0148893594741821,0.9970518350601196,1.0024298429489136,0.961967408657074,0.9708801507949829,0.9474141001701355,0.9226728081703186,0.9265040159225464,0.9341311454772949,0.9503574967384338,0.9466554522514343,0.9327266812324524,0.8937724828720093,0.8929066061973572,0.8846616744995117,0.8824338316917419,0.8970717787742615,0.8957611322402954,0.9010552763938904,0.8947829604148865,0.9069050550460815,0.912125289440155,0.8997721076011658,0.8916001915931702,0.8906654715538025,0.9005128145217896,0.9089851379394531,0.8850896954536438,0.8957305550575256,0.9050227403640747,0.8915132880210876,0.89520263671875,0.8698396682739258,0.8900465369224548,0.8887990713119507,0.8844976425170898,0.8456886410713196,0.8518688082695007,0.8645442128181458,0.8741130232810974,0.8764505386352539,0.8620461821556091,0.8679777383804321,0.864432156085968,0.9011232256889343,0.8728004693984985,0.8685224652290344,0.8365631103515625,0.8378635048866272,0.8489545583724976,0.8602184057235718,0.8449124693870544,0.8354200720787048,0.8151974081993103,0.8445963263511658,0.8261744379997253,0.8454856872558594,0.8106785416603088,0.8213714957237244,0.8226973414421082,0.8203681707382202,0.8205776810646057,0.8297849893569946,0.8264496922492981,0.8117254972457886,0.8198443055152893,0.8258864283561707
2.7202389240264893,1.936798334121704,1.73276686668396,1.6459764242172241,1.6661691665649414,1.4881460666656494,1.3787524700164795,1.1842397451400757,1.124962568283081,1.1464887857437134,1.1600655317306519,1.1966512203216553,1.1902601718902588,1.1462652683258057,1.0860968828201294,1.0286989212036133,1.0329575538635254,1.0714281797409058,1.0521565675735474,1.0681670904159546,1.0193902254104614,0.9917870759963989,1.0283851623535156,0.9886468052864075,0.9883349537849426,0.9671043753623962,0.9251961708068848,0.9367567300796509,0.948041558265686,0.9091668128967285,0.9129379391670227,0.9033225774765015,0.8703745007514954,0.8645481467247009,0.8681511878967285,0.8848956823348999,0.9359834790229797,0.8799070715904236,0.8929513692855835,0.8840208053588867,0.8605155944824219,0.8443883061408997,0.8231684565544128,0.8443769216537476,0.8264079689979553,0.8314236402511597,0.8577704429626465,0.8507168889045715,0.8433144688606262,0.8549922108650208,0.8433561325073242,0.8237932324409485,0.8524657487869263,0.8528114557266235,0.8385514616966248,0.8178620338439941,0.8335629105567932,0.8045288324356079,0.8126527070999146,0.8160087466239929,0.7960777282714844,0.8017791509628296,0.7851933836936951,0.7539491653442383,0.7565637826919556,0.7620996236801147,0.7614886164665222,0.763408362865448,0.7552962899208069,0.7568796277046204,0.7364290952682495,0.730323851108551,0.7130494713783264,0.7065495848655701,0.7082475423812866,0.7164626717567444,0.7030496597290039,0.7049607634544373,0.7343000173568726,0.6993891000747681,0.6788422465324402,0.706311821937561,0.7077491879463196,0.6749071478843689,0.6833080053329468,0.6638322472572327,0.7269688844680786,0.6882268786430359,0.6746733784675598,0.6938797235488892,0.6622486114501953,0.6742804646492004,0.6777997612953186,0.6980987787246704,0.6954470872879028,0.7133384943008423,0.6934622526168823,0.6673845052719116,0.6676872372627258,0.6469965577125549
1.632315754890442,1.4197136163711548,1.3847569227218628,1.3308665752410889,1.2671433687210083,1.2547872066497803,1.2304821014404297,1.2341139316558838,1.2511807680130005,1.256511926651001,1.2511807680130005,1.2569185495376587,1.23347008228302,1.2309232950210571,1.2467108964920044,1.23778235912323,1.2240047454833984,1.2383946180343628,1.2092676162719727,1.2025340795516968,1.1602946519851685,1.1902092695236206,1.1595338582992554,1.1860164403915405,1.1898629665374756,1.176988959312439,1.1662322282791138,1.1759617328643799,1.1614599227905273,1.1758936643600464,1.157732605934143,1.13015615940094,1.1424448490142822,1.1486860513687134,1.127556562423706,1.13648521900177,1.1353219747543335,1.137304663658142,1.143389105796814,1.1339563131332397,1.1208159923553467,1.1111289262771606,1.11624276638031,1.1081403493881226,1.1189285516738892,1.097760796546936,1.0900475978851318,1.0900195837020874,1.0792176723480225,1.0814337730407715,1.05726158618927,1.0331615209579468,1.0378700494766235,1.0162752866744995,1.0221598148345947,0.9880000352859497,0.9765926599502563,0.9273399114608765,0.9235367178916931,0.9369750022888184,0.9778065085411072,0.9504061937332153,0.9292668104171753,0.921177327632904,0.9467288851737976,0.9124756455421448,0.8936591744422913,0.8965998291969299,0.8936934471130371,0.8808804154396057,0.8849002718925476,0.889379620552063,0.9051007628440857,0.8966795206069946,0.8686138987541199,0.8452665209770203,0.8407195806503296,0.8692556619644165,0.8729678392410278,0.8958660960197449,0.8578643202781677,0.844577968120575,0.8290573358535767,0.8684388399124146,0.8409976363182068,0.859807014465332,0.8833671808242798,0.8771738409996033,0.8524660468101501,0.8465338945388794,0.8512778282165527,0.8555706739425659,0.8486480116844177,0.8046927452087402,0.819426417350769,0.8310075402259827,0.8021857142448425,0.8234357833862305,0.8302675485610962,0.8214321136474609
2.4401001930236816,1.970990538597107,1.6778395175933838,1.5124033689498901,1.384143590927124,1.3991154432296753,1.3793916702270508,1.3812006711959839,1.3283021450042725,1.3353277444839478,1.3302338123321533,1.3374967575073242,1.3188425302505493,1.315521478652954,1.3052657842636108,1.301636815071106,1.2967278957366943,1.2988728284835815,1.3203684091567993,1.2945080995559692,1.3001105785369873,1.276248574256897,1.2660306692123413,1.2473119497299194,1.2611967325210571,1.2408177852630615,1.2409158945083618,1.2317646741867065,1.2196629047393799,1.181288719177246,1.1783913373947144,1.1862438917160034,1.1799936294555664,1.177549123764038,1.1773241758346558,1.1790677309036255,1.1786128282546997,1.175158143043518,1.1579276323318481,1.1796056032180786,1.171654462814331,1.1594032049179077,1.1658316850662231,1.173587441444397,1.1543878316879272,1.1565316915512085,1.1372944116592407,1.1327208280563354,1.153403401374817,1.1353245973587036,1.1193417310714722,1.10049569606781,1.0940661430358887,1.1099212169647217,1.1097133159637451,1.1118160486221313,1.0963963270187378,1.1009173393249512,1.1043418645858765,1.1027743816375732,1.1009265184402466,1.1119612455368042,1.0991380214691162,1.0692108869552612,1.0662516355514526,1.031768560409546,1.0618706941604614,1.0746619701385498,1.0760724544525146,1.032602071762085,1.067205548286438,1.089983582496643,1.0927561521530151,1.0834953784942627,1.1017800569534302,1.05454421043396,1.0348659753799438,1.0092555284500122,0.9998272657394409,0.9794489741325378,0.9682862162590027,0.9645782113075256,0.9611383676528931,0.9626017212867737,0.9826927185058594,0.9744705557823181,0.9931164383888245,0.9443216323852539,0.9216836094856262,0.9727803468704224,0.9561751484870911,0.938374936580658,0.9192529320716858,0.9159412980079651,0.9316610097885132,0.9235970377922058,0.9046860337257385,0.9256782531738281,0.9270897507667542,0.899289608001709
1.3801567554473877,1.3372882604599,1.2932318449020386,1.305995225906372,1.2802760601043701,1.237304925918579,1.2343512773513794,1.2152669429779053,1.1631194353103638,1.1830098628997803,1.1833505630493164,1.1597412824630737,1.1423842906951904,1.1374987363815308,1.1337941884994507,1.1559158563613892,1.1559158563613892,1.1415257453918457,1.1225658655166626,1.1126765012741089,1.1125109195709229,1.069480299949646,1.0419325828552246,1.089173436164856,1.0377341508865356,1.0072028636932373,0.9772038459777832,0.9669671654701233,0.977293848991394,0.9410457611083984,0.9450165629386902,0.9502278566360474,0.951926052570343,0.9591242671012878,0.9428415894508362,0.961725652217865,0.9394548535346985,0.9312354922294617,0.9167841076850891,0.9123538732528687,0.911850094795227,0.9125022888183594,0.940638542175293,0.9253303408622742,0.9322918653488159,0.8837604522705078,0.8738622665405273,0.902440071105957,0.8825574517250061,0.8962001800537109,0.8638935089111328,0.8764882683753967,0.8574814796447754,0.8845276236534119,0.8727856278419495,0.8638754487037659,0.860685408115387,0.8761032819747925,0.8439699411392212,0.8513155579566956,0.8646360635757446,0.8696988821029663,0.8698009848594666,0.872868001461029,0.8904737830162048,0.8713346719741821,0.8635336756706238,0.8577035665512085,0.8257657289505005,0.8168631792068481,0.8408714532852173,0.8374664187431335,0.8287820816040039,0.8471886515617371,0.8387075662612915,0.8016172051429749,0.7874905467033386,0.8391680717468262,0.8195748925209045,0.8056750297546387,0.8178421258926392,0.7818607091903687,0.7787254452705383,0.7974995374679565,0.8076021075248718,0.8010103106498718,0.7898105382919312,0.7784218788146973,0.7638853788375854,0.7878275513648987,0.7736077904701233,0.7691930532455444,0.7945741415023804,0.7985423803329468,0.74485844373703,0.7460761070251465,0.7412866950035095,0.7343698143959045,0.7307601571083069,0.7457389235496521
2.1155450344085693,1.6299445629119873,1.3901805877685547,1.374441385269165,1.3805568218231201,1.3805568218231201,1.3862944841384888,1.3862944841384888,1.3862944841384888,1.3862944841384888,1.3862944841384888,1.3862944841384888,1.3862944841384888,1.3862944841384888,1.3862944841384888,1.3862944841384888,1.3862944841384888,1.3862944841384888,1.3812006711959839,1.3703691959381104,1.3187296390533447,1.2674343585968018,1.2815247774124146,1.2781249284744263,1.2853546142578125,1.2869470119476318,1.2540844678878784,1.2322572469711304,1.183532953262329,1.1919708251953125,1.2568738460540771,1.2389236688613892,1.187384843826294,1.1600700616836548,1.1581920385360718,1.1523312330245972,1.1583082675933838,1.1750494241714478,1.1491596698760986,1.1625641584396362,1.1345640420913696,1.1373833417892456,1.1676253080368042,1.1564913988113403,1.1384272575378418,1.1296526193618774,1.12151038646698,1.1265102624893188,1.1102997064590454,1.1170345544815063,1.1066761016845703,1.0942084789276123,1.0962873697280884,1.0814837217330933,1.0762749910354614,1.0628039836883545,1.0406882762908936,1.069378137588501,1.0723015069961548,1.0498672723770142,1.0451728105545044,1.076227068901062,1.0636441707611084,1.058179497718811,1.0453269481658936,1.063119888305664,1.0609321594238281,1.0534836053848267,1.0264899730682373,1.011959433555603,1.0413191318511963,1.0539098978042603,1.037672996520996,1.0184059143066406,0.9959325194358826,1.0089709758758545,1.029128909111023,1.02082097530365,1.0113592147827148,1.024543046951294,1.0115525722503662,1.0145577192306519,1.012320876121521,1.0093436241149902,1.0157724618911743,1.0107264518737793,0.9902027249336243,0.9754729270935059,0.9936476349830627,1.0065385103225708,1.0230847597122192,1.0070768594741821,0.9923902750015259,0.9925879836082458,0.964299201965332,0.9197357892990112,0.9174094796180725,0.9240965843200684,0.8976581692695618,0.9074210524559021
2.7362961769104004,2.1521155834198,1.8403913974761963,1.7339709997177124,1.7121264934539795,1.5340890884399414,1.427113652229309,1.2904101610183716,1.1729589700698853,1.140487551689148,1.1236666440963745,1.1616793870925903,1.1634012460708618,1.0720046758651733,1.071429967880249,1.024280071258545,0.9813398718833923,0.9874506592750549,0.9684525728225708,0.9833080172538757,0.9565504193305969,0.9635475873947144,0.9810729622840881,0.9715474247932434,0.9785497784614563,0.961925208568573,0.955324113368988,0.9375424385070801,0.9363556504249573,0.9182625412940979,0.9124113917350769,0.9136787056922913,0.8949264287948608,0.9292277097702026,0.939366340637207,0.9459773302078247,0.9546379446983337,0.964919924736023,0.9509188532829285,0.9518624544143677,0.92668616771698,0.9131267666816711,0.9016841650009155,0.8947553634643555,0.8948320150375366,0.8915372490882874,0.882297933101654,0.8775297999382019,0.8799644112586975,0.8731999397277832,0.8939477205276489,0.8790789842605591,0.8629703521728516,0.8559507727622986,0.8587945103645325,0.835372269153595,0.8464599251747131,0.8732808232307434,0.8663067817687988,0.8642817735671997,0.8557592630386353,0.8564814329147339,0.8510182499885559,0.8406329154968262,0.8325362801551819,0.8356895446777344,0.8202975392341614,0.8044877648353577,0.8138837218284607,0.8246709108352661,0.8186541199684143,0.8552773594856262,0.8399065732955933,0.8220810890197754,0.8183060884475708,0.8235905766487122,0.8089867830276489,0.8269016146659851,0.8319290280342102,0.8388461470603943,0.8249537348747253,0.8280171155929565,0.821101188659668,0.8170768618583679,0.8029018640518188,0.814358651638031,0.8243759870529175,0.811822772026062,0.7742401957511902,0.7597160339355469,0.7892530560493469,0.7914424538612366,0.7981300950050354,0.7942706942558289,0.7771714925765991,0.7867068648338318,0.7645004987716675,0.7689812779426575,0.7961075901985168,0.7868423461914062
1.4220952987670898,1.3862944841384888,1.3862944841384888,1.3862944841384888,1.3812006711959839,1.3672072887420654,1.3433418273925781,1.3505303859710693,1.3317527770996094,1.2859125137329102,1.279660940170288,1.2816282510757446,1.2448921203613281,1.185956597328186,1.1658260822296143,1.1783063411712646,1.1918830871582031,1.180787205696106,1.133386254310608,1.141931176185608,1.1489139795303345,1.1240209341049194,1.1115795373916626,1.1466187238693237,1.1084803342819214,1.065735101699829,1.0872596502304077,1.090428352355957,1.0940873622894287,1.0744966268539429,1.0657368898391724,1.043293833732605,1.055593729019165,1.08100426197052,1.0674078464508057,1.0153225660324097,1.0220962762832642,1.0091438293457031,1.0360691547393799,1.0415791273117065,1.0084294080734253,1.0259482860565186,1.0142284631729126,1.0225049257278442,1.0435941219329834,1.0031311511993408,0.9899923205375671,0.9730445742607117,0.983397364616394,0.9901045560836792,0.9707093238830566,0.9312229752540588,0.9446135759353638,0.9489091038703918,0.933349072933197,0.920523464679718,0.8872082829475403,0.8700364232063293,0.8577410578727722,0.8783652186393738,0.8761581778526306,0.8674101233482361,0.8638332486152649,0.8579549193382263,0.8662027716636658,0.885398805141449,0.8879538178443909,0.8524194955825806,0.8485791087150574,0.8769311308860779,0.8864006400108337,0.8476947546005249,0.83765709400177,0.8512409329414368,0.8273239731788635,0.8191981911659241,0.8493056893348694,0.8147179484367371,0.8497921824455261,0.8172712922096252,0.8101426959037781,0.8045353889465332,0.8321660161018372,0.7920088768005371,0.789333164691925,0.7837954759597778,0.8144184947013855,0.8045560121536255,0.8005501627922058,0.8183452486991882,0.8203626275062561,0.7848019599914551,0.820064902305603,0.7990663647651672,0.7928146719932556,0.796954333782196,0.7975544929504395,0.8016676902770996,0.8130131959915161,0.789796769618988
1.5616861581802368,1.443137764930725,1.3872746229171753,1.355562448501587,1.3453460931777954,1.3632711172103882,1.3660553693771362,1.3315321207046509,1.3506090641021729,1.3319387435913086,1.2999578714370728,1.3012458086013794,1.2947397232055664,1.2644245624542236,1.2729450464248657,1.2568851709365845,1.2340376377105713,1.2311233282089233,1.2228800058364868,1.1902494430541992,1.1952381134033203,1.2183074951171875,1.2075284719467163,1.1950254440307617,1.195473313331604,1.1950007677078247,1.2314646244049072,1.2197901010513306,1.2024915218353271,1.1953781843185425,1.1740553379058838,1.1959644556045532,1.1966084241867065,1.1796716451644897,1.1704846620559692,1.1507327556610107,1.1775680780410767,1.1296948194503784,1.1363519430160522,1.1257615089416504,1.13563072681427,1.1445143222808838,1.116944670677185,1.0936819314956665,1.098356008529663,1.0975968837738037,1.0944656133651733,1.076924204826355,1.0596246719360352,1.0507560968399048,1.0783952474594116,1.0713856220245361,1.0830479860305786,1.0548927783966064,1.0607237815856934,1.044040322303772,1.0698515176773071,1.070961356163025,1.0429779291152954,1.033982515335083,1.038612961769104,1.050735592842102,1.0317996740341187,1.0258227586746216,1.024444341659546,1.0477118492126465,1.0428308248519897,1.031733751296997,1.0225780010223389,1.0087002515792847,1.0321766138076782,1.0176085233688354,1.016582727432251,1.030983328819275,1.021201729774475,1.0636084079742432,1.0274906158447266,1.020447850227356,1.0335397720336914,0.9860272407531738,1.0259647369384766,1.0302351713180542,1.013672947883606,1.0093200206756592,1.0130945444107056,1.0245357751846313,1.027706265449524,1.014366865158081,0.9822632074356079,1.0036625862121582,1.0082552433013916,0.9382098317146301,0.9611402153968811,0.9101189970970154,0.9003061056137085,0.8728562593460083,0.8869958519935608,0.8979964852333069,0.88982093334198,0.8621495366096497
1.9539119005203247,1.6703835725784302,1.4651219844818115,1.4236568212509155,1.3780097961425781,1.3748189210891724,1.34806227684021,1.3389930725097656,1.3316738605499268,1.3243719339370728,1.3126590251922607,1.303346872329712,1.3090845346450806,1.2894028425216675,1.2412307262420654,1.2384462356567383,1.235020399093628,1.2257264852523804,1.2017724514007568,1.1976850032806396,1.1990779638290405,1.176296353340149,1.1507304906845093,1.1547737121582031,1.1373655796051025,1.1377723217010498,1.1184585094451904,1.1183053255081177,1.1147080659866333,1.0896559953689575,1.0877920389175415,1.0980048179626465,1.0902302265167236,1.0828639268875122,1.0937222242355347,1.086525559425354,1.1002323627471924,1.090763807296753,1.0832855701446533,1.1100866794586182,1.1086442470550537,1.115007996559143,1.1109163761138916,1.080151081085205,1.0760244131088257,1.081788182258606,1.083268404006958,1.0964384078979492,1.066737174987793,1.0601862668991089,1.0705969333648682,1.0746582746505737,1.0767968893051147,1.0768626928329468,1.079003095626831,1.0683408975601196,1.0514382123947144,1.080939769744873,1.072011113166809,1.0361443758010864,1.0515341758728027,1.0515682697296143,1.0382933616638184,1.072290301322937,1.0594040155410767,1.0522586107254028,1.0450637340545654,1.0458290576934814,1.04184889793396,1.0541571378707886,1.0494065284729004,1.0600545406341553,1.0611846446990967,1.0481587648391724,1.0138423442840576,1.023414969444275,1.038366436958313,1.0518763065338135,1.0237189531326294,1.051086664199829,1.0156968832015991,1.0206602811813354,1.0191956758499146,1.0074374675750732,1.0068999528884888,1.0110141038894653,1.0034233331680298,0.9645671248435974,0.976967990398407,0.9785809516906738,0.9731931686401367,0.9660834670066833,0.9683226943016052,0.9777926802635193,0.9854140877723694,0.9674769043922424,0.9233582615852356,0.9547997713088989,0.9372252225875854,0.9460460543632507
1.7479313611984253,1.359939694404602,1.3009889125823975,1.3435564041137695,1.419980764389038,1.3061745166778564,1.2768539190292358,1.3095983266830444,1.296405553817749,1.2495315074920654,1.2737932205200195,1.2432798147201538,1.228890061378479,1.244883418083191,1.2346277236938477,1.231567144393921,1.231567144393921,1.2221611738204956,1.216764211654663,1.2355711460113525,1.2085187435150146,1.2195875644683838,1.2142564058303833,1.2150696516036987,1.2033568620681763,1.206547737121582,1.2153462171554565,1.2068241834640503,1.2089471817016602,1.2071655988693237,1.2074421644210815,1.204895257949829,1.1866313219070435,1.176929235458374,1.1675939559936523,1.164298176765442,1.1237952709197998,1.0982929468154907,1.0750386714935303,1.0926165580749512,1.0742472410202026,1.1069267988204956,1.0987157821655273,1.0850245952606201,1.0674058198928833,1.0439244508743286,1.0650442838668823,1.0544607639312744,1.0848621129989624,1.077900767326355,1.092436671257019,1.0862070322036743,1.1040065288543701,1.0599693059921265,1.009548544883728,1.043668508529663,1.0432647466659546,1.0134512186050415,1.0351307392120361,1.0177451372146606,1.0202832221984863,1.0196936130523682,1.039025068283081,1.0244923830032349,0.9804829359054565,0.9551973938941956,0.9243701100349426,0.951964259147644,0.9834400415420532,0.9815958738327026,0.9475297331809998,0.9451472163200378,0.928924560546875,0.9433444738388062,0.9339854121208191,0.914817750453949,0.908670961856842,0.9063745737075806,0.91649329662323,0.9139847159385681,0.9004554748535156,0.8655410408973694,0.8928300142288208,0.9188205003738403,0.8934157490730286,0.8725278973579407,0.9038117527961731,0.9268679022789001,0.9006499648094177,0.9239071011543274,0.8890281915664673,0.8792625069618225,0.9026269912719727,0.861020565032959,0.8587216734886169,0.8775678277015686,0.8960852026939392,0.8786299824714661,0.8332812190055847,0.8712862133979797
1.3862944841384888,1.342421293258667,1.2798821926116943,1.2900654077529907,1.3039780855178833,1.233911395072937,1.1855199337005615,1.1123950481414795,1.1958370208740234,1.1020656824111938,1.0513170957565308,1.094693660736084,1.0401986837387085,1.0369495153427124,1.0110396146774292,1.0099365711212158,0.9660443663597107,0.9748288989067078,0.9687450528144836,0.9732968211174011,0.9646453261375427,0.9635859727859497,0.9725275039672852,0.9345512390136719,0.9275058507919312,0.9264916777610779,0.8985922932624817,0.9282779693603516,0.9104840159416199,0.9187845587730408,0.9389480948448181,0.8853124380111694,0.908043384552002,0.9240890145301819,0.8949660658836365,0.8597976565361023,0.8578668236732483,0.9038150906562805,0.8845242857933044,0.8850406408309937,0.901311457157135,0.8832277655601501,0.8498234152793884,0.8437305092811584,0.8183622360229492,0.8458220362663269,0.8289774060249329,0.8178625106811523,0.8082977533340454,0.8433665633201599,0.8245759010314941,0.8475471138954163,0.8558031320571899,0.8446395993232727,0.8599799275398254,0.8132367730140686,0.8155245780944824,0.8340156674385071,0.8017715811729431,0.8036447167396545,0.807510495185852,0.8400483727455139,0.8006871938705444,0.7966843247413635,0.7913233041763306,0.8267859220504761,0.7861668467521667,0.770170271396637,0.7751458287239075,0.7824920415878296,0.7943059802055359,0.7823091745376587,0.7689270377159119,0.8078529238700867,0.804578423500061,0.7620859146118164,0.7641211152076721,0.7531115412712097,0.7520002126693726,0.7735525369644165,0.7821081280708313,0.77589350938797,0.7449579834938049,0.7273775339126587,0.7368850111961365,0.7733025550842285,0.7453327775001526,0.7225708365440369,0.7209379076957703,0.7393397688865662,0.7477411031723022,0.7744836211204529,0.7302985191345215,0.7589369416236877,0.7566490769386292,0.749176025390625,0.7624713182449341,0.7206067442893982,0.7350058555603027,0.7059992551803589
1.3926761150360107,1.3862944841384888,1.34613037109375,1.2610528469085693,1.2977689504623413,1.2638919353485107,1.2553993463516235,1.255958914756775,1.2149978876113892,1.1880791187286377,1.1302316188812256,1.1095231771469116,1.1506373882293701,1.134394645690918,1.0989447832107544,1.0880073308944702,1.0692082643508911,1.0667983293533325,1.0744059085845947,1.0850435495376587,1.0467756986618042,1.0010913610458374,1.0200809240341187,0.9738035202026367,0.9782683253288269,0.9693883657455444,0.9524631500244141,0.9619545936584473,0.9151793718338013,0.9316889643669128,0.9139204621315002,0.9127025604248047,0.9060694575309753,0.9066978096961975,0.9068594574928284,0.9149432182312012,0.8946613669395447,0.8942757844924927,0.8674854636192322,0.8652254343032837,0.8732456564903259,0.8637902140617371,0.8602027893066406,0.8563032150268555,0.8586792349815369,0.8361380696296692,0.8686183094978333,0.8592787981033325,0.8751829862594604,0.8842101097106934,0.8620008230209351,0.8723134994506836,0.8689165711402893,0.8400107622146606,0.8384132981300354,0.8320131301879883,0.8303542137145996,0.8445606827735901,0.8584648966789246,0.8429495692253113,0.824709951877594,0.8334923386573792,0.8262493014335632,0.8270711302757263,0.8266952633857727,0.7945207953453064,0.7962759137153625,0.7914963960647583,0.8074324727058411,0.8038145303726196,0.7857185006141663,0.8188368082046509,0.7964959144592285,0.7847033739089966,0.7813398241996765,0.7918090224266052,0.7693269848823547,0.7506772875785828,0.7768259644508362,0.7827105522155762,0.7655834555625916,0.7915107607841492,0.7931585311889648,0.7840151786804199,0.7664994597434998,0.7663547396659851,0.7642529606819153,0.7578776478767395,0.7346583008766174,0.7571731805801392,0.7471251487731934,0.7392144799232483,0.8128843307495117,0.7593326568603516,0.7268229722976685,0.718551754951477,0.7189897894859314,0.7469707131385803,0.7243013978004456,0.7088291049003601
1.3862944841384888,1.3971837759017944,1.386938452720642,1.3693475723266602,1.366461992263794,1.3579084873199463,1.2848201990127563,1.3017948865890503,1.2660458087921143,1.244075894355774,1.2045286893844604,1.2339544296264648,1.1994284391403198,1.1609464883804321,1.1166526079177856,1.1426938772201538,1.1171602010726929,1.066951036453247,1.07015061378479,1.1269748210906982,1.0764514207839966,1.060875654220581,1.098610758781433,1.0516284704208374,1.0416651964187622,1.0155391693115234,1.032749891281128,1.021834373474121,0.9669016003608704,0.9629576802253723,0.9586824178695679,0.9625002145767212,0.9559882879257202,0.9445447325706482,0.9451997876167297,0.9349949955940247,0.9394623637199402,0.9342776536941528,0.9330242276191711,0.9129732251167297,0.9241521954536438,0.9213573336601257,0.9109898209571838,0.9105606079101562,0.9122401475906372,0.906234860420227,0.8922426104545593,0.8577621579170227,0.8732096552848816,0.8992944955825806,0.8830623030662537,0.8664180636405945,0.8822572827339172,0.8988432884216309,0.8824506998062134,0.8692079186439514,0.8778519630432129,0.8454950451850891,0.886513352394104,0.8821284174919128,0.8695324063301086,0.8523500561714172,0.8479146957397461,0.8458878397941589,0.8728872537612915,0.8539389967918396,0.839290201663971,0.8391662240028381,0.8370546698570251,0.8132149577140808,0.8253492116928101,0.8174775838851929,0.7993971109390259,0.8160741925239563,0.8233376145362854,0.8444294333457947,0.8433359861373901,0.851252019405365,0.8358761668205261,0.854547917842865,0.8520026803016663,0.8396450281143188,0.8175563812255859,0.8305138349533081,0.8140210509300232,0.8130024671554565,0.7896736264228821,0.8282695412635803,0.8381980657577515,0.8578028082847595,0.8243985772132874,0.8295300602912903,0.8155738115310669,0.7793013453483582,0.8237164616584778,0.8153868913650513,0.7877249121665955,0.8140453696250916,0.8314619064331055,0.7726525068283081
1.4910058975219727,1.3869383335113525,1.3521920442581177,1.3040462732315063,1.2963145971298218,1.2773067951202393,1.2679415941238403,1.248402714729309,1.2376947402954102,1.2778279781341553,1.2294193506240845,1.1539380550384521,1.189955472946167,1.2134730815887451,1.1256177425384521,1.1597241163253784,1.1475276947021484,1.065185785293579,1.0713518857955933,1.0088527202606201,0.998702347278595,0.9913967251777649,1.059664011001587,1.0146002769470215,0.9815637469291687,0.9039864540100098,0.9246687889099121,0.9437006115913391,0.9675571322441101,0.9362496733665466,0.9037373661994934,0.9252210259437561,0.916153073310852,0.8907275795936584,0.8664621114730835,0.8859854340553284,0.8865280747413635,0.899750292301178,0.8629064559936523,0.848746120929718,0.869150698184967,0.8817003965377808,0.8690319061279297,0.8528711199760437,0.8312215805053711,0.8219842314720154,0.8275402188301086,0.8171692490577698,0.8060513734817505,0.8384284973144531,0.7964979410171509,0.8007181286811829,0.7971656918525696,0.8086857795715332,0.7970032095909119,0.8141927123069763,0.8043853640556335,0.8050092458724976,0.8191100358963013,0.8110432028770447,0.8029962182044983,0.7916387915611267,0.7700489163398743,0.7497242093086243,0.7533483505249023,0.7745598554611206,0.7628121972084045,0.7683273553848267,0.7721003890037537,0.7574639916419983,0.7351657748222351,0.7231019735336304,0.7548156380653381,0.7548698782920837,0.7408994436264038,0.7347541451454163,0.7283492684364319,0.7145246863365173,0.7112227082252502,0.695364773273468,0.7361006140708923,0.6967101693153381,0.6862767338752747,0.7082791328430176,0.6978065371513367,0.674419105052948,0.667530357837677,0.7005106806755066,0.7064460515975952,0.7126885056495667,0.7380696535110474,0.7075128555297852,0.7062991261482239,0.6778877377510071,0.7146110534667969,0.7328356504440308,0.7205616235733032,0.6710631251335144,0.666890025138855,0.6810650825500488
2.5459060668945312,2.033174514770508,1.6234670877456665,1.3888007402420044,1.3630340099334717,1.3453460931777954,1.4033385515213013,1.3926762342453003,1.3926762342453003,1.3862944841384888,1.3862944841384888,1.3862944841384888,1.3862944841384888,1.3862944841384888,1.3862944841384888,1.3862944841384888,1.3862944841384888,1.3837476968765259,1.337467908859253,1.2955242395401,1.3021576404571533,1.3056892156600952,1.3008323907852173,1.2933838367462158,1.2899166345596313,1.2336808443069458,1.1672264337539673,1.1758233308792114,1.2181938886642456,1.2304092645645142,1.2032983303070068,1.1488739252090454,1.1497174501419067,1.1394315958023071,1.1307235956192017,1.114740014076233,1.1206079721450806,1.124205470085144,1.1237987279891968,1.1332848072052002,1.1078596115112305,1.088046908378601,1.1123936176300049,1.1196110248565674,1.1172196865081787,1.096815824508667,1.07534921169281,1.0769895315170288,1.0953961610794067,1.0946987867355347,1.0861109495162964,1.0807225704193115,1.071163296699524,1.073947548866272,1.0873686075210571,1.0881321430206299,1.0830276012420654,1.0708550214767456,1.058221697807312,1.0540930032730103,1.078078269958496,1.041817307472229,1.046383023262024,1.038612961769104,1.0507984161376953,1.0575224161148071,1.061118245124817,1.0678904056549072,1.0658259391784668,1.0402849912643433,1.038144826889038,1.02609121799469,1.0411001443862915,1.0553597211837769,1.0585505962371826,1.0441677570343018,1.0579549074172974,1.0579549074172974,1.0444443225860596,1.0467145442962646,1.054870843887329,1.0403510332107544,1.0302921533584595,1.0327178239822388,1.0291202068328857,1.0243395566940308,1.0358412265777588,1.0297116041183472,1.0280585289001465,1.0165666341781616,1.0214911699295044,1.0326721668243408,1.0540283918380737,1.0258880853652954,1.0267904996871948,1.0257563591003418,1.0282399654388428,1.0400006771087646,1.0302590131759644,1.0321003198623657
