hidden,beta,epochs,lr,encoding,T,max_spikes,n_pop,sigma,weight_decay,accuracy,balanced_accuracy,macro_f1,weighted_f1,n_predictions,n_subjects,method,config_id,feature_group,n_features,input_channels
32,0.95,200,0.001,population,30,10,3,0.25,0.0001,0.6724137931034483,0.6724137931034483,0.6603700635183651,0.660370063518365,116,29,snnTorch,240,tonic,2,6
32,0.9,200,0.005,population,30,10,3,0.25,0.0001,0.6724137931034483,0.6724137931034482,0.6600388431592581,0.660038843159258,116,29,snnTorch,216,tonic,2,6
32,0.9,200,0.001,population,30,10,3,0.25,0.0001,0.6637931034482759,0.6637931034482758,0.6523443306444303,0.6523443306444304,116,29,snnTorch,213,tonic,2,6
64,0.9,200,0.005,population,30,6,3,0.25,0.0001,0.6551724137931034,0.6551724137931034,0.6416013071895426,0.6416013071895424,116,29,snnTorch,296,tonic,2,6
64,0.85,100,0.005,population,30,6,3,0.25,0.0001,0.6551724137931034,0.6551724137931034,0.6368319543828265,0.6368319543828265,116,29,snnTorch,260,tonic,2,6
64,0.9,200,0.005,population,30,10,3,0.25,0.0001,0.646551724137931,0.646551724137931,0.6342414461247294,0.6342414461247293,116,29,snnTorch,297,tonic,2,6
16,0.9,200,0.005,population,30,10,3,0.25,0.0001,0.646551724137931,0.646551724137931,0.626601369145108,0.6266013691451079,116,29,snnTorch,135,tonic,2,6
64,0.85,200,0.001,population,30,10,3,0.25,0.0001,0.6379310344827587,0.6379310344827587,0.6274818401937046,0.6274818401937046,116,29,snnTorch,267,tonic,2,6
32,0.85,200,0.005,population,30,10,3,0.25,0.0001,0.6379310344827587,0.6379310344827587,0.6265287200361828,0.6265287200361828,116,29,snnTorch,189,tonic,2,6
32,0.85,200,0.001,population,30,10,3,0.25,0.0001,0.6379310344827587,0.6379310344827587,0.6259358288770054,0.6259358288770053,116,29,snnTorch,186,tonic,2,6
32,0.9,200,0.001,population,30,6,3,0.25,0.0001,0.6379310344827587,0.6379310344827587,0.6258775865040502,0.6258775865040501,116,29,snnTorch,212,tonic,2,6
64,0.85,200,0.001,population,30,4,3,0.25,0.0001,0.6379310344827587,0.6379310344827586,0.6218365967509661,0.6218365967509661,116,29,snnTorch,265,tonic,2,6
32,0.85,200,0.005,population,30,4,3,0.25,0.0001,0.6293103448275862,0.6293103448275863,0.6216611196449906,0.6216611196449906,116,29,snnTorch,187,tonic,2,6
16,0.85,200,0.005,population,30,6,3,0.25,0.0001,0.6293103448275862,0.6293103448275863,0.6132212195788898,0.6132212195788898,116,29,snnTorch,107,tonic,2,6
64,0.85,200,0.0005,population,30,4,3,0.25,0.0001,0.6293103448275862,0.6293103448275862,0.6236811391223156,0.6236811391223156,116,29,snnTorch,262,tonic,2,6
64,0.85,200,0.005,population,30,10,3,0.25,0.0001,0.6293103448275862,0.6293103448275862,0.6180606628158709,0.6180606628158709,116,29,snnTorch,270,tonic,2,6
64,0.85,100,0.005,population,30,10,3,0.25,0.0001,0.6293103448275862,0.6293103448275862,0.6169752251033039,0.6169752251033039,116,29,snnTorch,261,tonic,2,6
64,0.9,100,0.005,population,30,10,3,0.25,0.0001,0.6293103448275862,0.6293103448275862,0.6137884447606705,0.6137884447606706,116,29,snnTorch,288,tonic,2,6
64,0.9,100,0.005,population,30,6,3,0.25,0.0001,0.6206896551724138,0.6206896551724138,0.6058512033575972,0.6058512033575972,116,29,snnTorch,287,tonic,2,6
16,0.95,200,0.005,population,30,10,3,0.25,0.0001,0.6206896551724138,0.6206896551724138,0.6031846315060226,0.6031846315060226,116,29,snnTorch,162,tonic,2,6
16,0.9,200,0.005,population,30,6,3,0.25,0.0001,0.6206896551724138,0.6206896551724137,0.6097186147186148,0.6097186147186148,116,29,snnTorch,134,tonic,2,6
64,0.95,200,0.005,population,30,10,3,0.25,0.0001,0.6206896551724138,0.6206896551724137,0.6068879406023957,0.6068879406023958,116,29,snnTorch,324,tonic,2,6
64,0.9,200,0.001,population,30,10,3,0.25,0.0001,0.6206896551724138,0.6206896551724137,0.600304667321474,0.600304667321474,116,29,snnTorch,294,tonic,2,6
64,0.85,100,0.005,population,30,4,3,0.25,0.0001,0.6206896551724138,0.6206896551724137,0.5986548856439367,0.5986548856439365,116,29,snnTorch,259,tonic,2,6
8,0.85,200,0.005,population,30,6,3,0.25,0.0001,0.6120689655172413,0.6120689655172414,0.5983302991361462,0.5983302991361463,116,29,snnTorch,26,tonic,2,6
64,0.95,100,0.001,population,30,10,3,0.25,0.0001,0.6120689655172413,0.6120689655172414,0.5972046359374953,0.5972046359374953,116,29,snnTorch,312,tonic,2,6
64,0.9,200,0.0005,population,30,10,3,0.25,0.0001,0.6120689655172413,0.6120689655172414,0.5952711640211641,0.595271164021164,116,29,snnTorch,291,tonic,2,6
64,0.95,200,0.0005,population,30,6,3,0.25,0.0001,0.6120689655172413,0.6120689655172413,0.5998457216542322,0.5998457216542323,116,29,snnTorch,317,tonic,2,6
16,0.85,200,0.005,population,30,10,3,0.25,0.0001,0.6120689655172413,0.6120689655172413,0.598055972013993,0.598055972013993,116,29,snnTorch,108,tonic,2,6
64,0.85,200,0.005,population,30,6,3,0.25,0.0001,0.6120689655172413,0.6120689655172413,0.5950980392156863,0.5950980392156863,116,29,snnTorch,269,tonic,2,6
16,0.85,200,0.001,population,30,10,3,0.25,0.0001,0.6120689655172413,0.6120689655172413,0.5927003007929997,0.5927003007929997,116,29,snnTorch,105,tonic,2,6
64,0.9,50,0.005,population,30,10,3,0.25,0.0001,0.6120689655172413,0.6120689655172413,0.5922348975887995,0.5922348975887995,116,29,snnTorch,279,tonic,2,6
64,0.85,200,0.005,population,30,4,3,0.25,0.0001,0.6120689655172413,0.6120689655172413,0.5891246674598459,0.5891246674598458,116,29,snnTorch,268,tonic,2,6
32,0.95,200,0.005,population,30,6,3,0.25,0.0001,0.603448275862069,0.603448275862069,0.5951792772444946,0.5951792772444946,116,29,snnTorch,242,tonic,2,6
64,0.95,200,0.001,population,30,10,3,0.25,0.0001,0.603448275862069,0.603448275862069,0.5950231996266095,0.5950231996266095,116,29,snnTorch,321,tonic,2,6
64,0.85,100,0.001,population,30,10,3,0.25,0.0001,0.603448275862069,0.603448275862069,0.5949951075075206,0.5949951075075206,116,29,snnTorch,258,tonic,2,6
64,0.85,50,0.005,population,30,10,3,0.25,0.0001,0.603448275862069,0.603448275862069,0.5932011790687506,0.5932011790687506,116,29,snnTorch,252,tonic,2,6
64,0.95,200,0.005,population,30,6,3,0.25,0.0001,0.603448275862069,0.603448275862069,0.5927919121101515,0.5927919121101514,116,29,snnTorch,323,tonic,2,6
64,0.85,200,0.0005,population,30,10,3,0.25,0.0001,0.603448275862069,0.603448275862069,0.5900879917184265,0.5900879917184265,116,29,snnTorch,264,tonic,2,6
8,0.9,200,0.005,population,30,6,3,0.25,0.0001,0.603448275862069,0.603448275862069,0.589436986263711,0.5894369862637111,116,29,snnTorch,53,tonic,2,6
32,0.85,100,0.005,population,30,6,3,0.25,0.0001,0.603448275862069,0.603448275862069,0.5891233766233767,0.5891233766233767,116,29,snnTorch,179,tonic,2,6
32,0.95,200,0.005,population,30,10,3,0.25,0.0001,0.603448275862069,0.603448275862069,0.5890188834154352,0.5890188834154352,116,29,snnTorch,243,tonic,2,6
64,0.85,200,0.001,population,30,6,3,0.25,0.0001,0.603448275862069,0.603448275862069,0.5885114138266134,0.5885114138266134,116,29,snnTorch,266,tonic,2,6
32,0.85,200,0.001,population,30,6,3,0.25,0.0001,0.603448275862069,0.603448275862069,0.5883110740548093,0.5883110740548093,116,29,snnTorch,185,tonic,2,6
64,0.9,200,0.001,population,30,4,3,0.25,0.0001,0.603448275862069,0.603448275862069,0.5874596448748992,0.5874596448748991,116,29,snnTorch,292,tonic,2,6
32,0.85,100,0.005,population,30,10,3,0.25,0.0001,0.603448275862069,0.603448275862069,0.5861857079311275,0.5861857079311273,116,29,snnTorch,180,tonic,2,6
16,0.85,200,0.005,population,30,4,3,0.25,0.0001,0.603448275862069,0.603448275862069,0.5797980703839054,0.5797980703839054,116,29,snnTorch,106,tonic,2,6
64,0.9,100,0.005,population,30,4,3,0.25,0.0001,0.603448275862069,0.603448275862069,0.5763546893842144,0.5763546893842144,116,29,snnTorch,286,tonic,2,6
64,0.85,50,0.005,population,30,4,3,0.25,0.0001,0.5948275862068966,0.5948275862068966,0.5879922391491808,0.5879922391491808,116,29,snnTorch,250,tonic,2,6
64,0.95,200,0.001,population,30,6,3,0.25,0.0001,0.5948275862068966,0.5948275862068966,0.586165577342048,0.586165577342048,116,29,snnTorch,320,tonic,2,6
64,0.9,200,0.0005,population,30,4,3,0.25,0.0001,0.5948275862068966,0.5948275862068966,0.5856221293256966,0.5856221293256967,116,29,snnTorch,289,tonic,2,6
32,0.85,200,0.001,population,30,4,3,0.25,0.0001,0.5948275862068966,0.5948275862068966,0.5836536443301674,0.5836536443301674,116,29,snnTorch,184,tonic,2,6
32,0.85,50,0.005,population,30,6,3,0.25,0.0001,0.5948275862068966,0.5948275862068966,0.5827569758234954,0.5827569758234954,116,29,snnTorch,170,tonic,2,6
16,0.9,200,0.005,population,30,4,3,0.25,0.0001,0.5948275862068966,0.5948275862068966,0.581359649122807,0.581359649122807,116,29,snnTorch,133,tonic,2,6
32,0.85,200,0.005,population,30,6,3,0.25,0.0001,0.5948275862068966,0.5948275862068966,0.5807342683610432,0.5807342683610431,116,29,snnTorch,188,tonic,2,6
32,0.9,100,0.005,population,30,10,3,0.25,0.0001,0.5948275862068966,0.5948275862068966,0.5794239305891848,0.5794239305891848,116,29,snnTorch,207,tonic,2,6
32,0.9,200,0.005,population,30,6,3,0.25,0.0001,0.5948275862068966,0.5948275862068966,0.5787170763044565,0.5787170763044563,116,29,snnTorch,215,tonic,2,6
8,0.9,200,0.005,population,30,10,3,0.25,0.0001,0.5948275862068966,0.5948275862068966,0.5758496375780071,0.5758496375780072,116,29,snnTorch,54,tonic,2,6
64,0.9,200,0.005,population,30,4,3,0.25,0.0001,0.5948275862068966,0.5948275862068966,0.572123015873016,0.5721230158730158,116,29,snnTorch,295,tonic,2,6
16,0.9,100,0.005,population,30,10,3,0.25,0.0001,0.5862068965517241,0.5862068965517242,0.575236646382691,0.5752366463826909,116,29,snnTorch,126,tonic,2,6
16,0.95,100,0.005,population,30,6,3,0.25,0.0001,0.5862068965517241,0.5862068965517242,0.5738238477209066,0.5738238477209066,116,29,snnTorch,152,tonic,2,6
16,0.85,100,0.005,population,30,10,3,0.25,0.0001,0.5862068965517241,0.5862068965517242,0.5698042932605691,0.5698042932605693,116,29,snnTorch,99,tonic,2,6
16,0.95,100,0.005,population,30,10,3,0.25,0.0001,0.5862068965517241,0.5862068965517242,0.5654186795491143,0.5654186795491143,116,29,snnTorch,153,tonic,2,6
64,0.85,100,0.0005,population,30,10,3,0.25,0.0001,0.5862068965517241,0.5862068965517241,0.5786065786065786,0.5786065786065786,116,29,snnTorch,255,tonic,2,6
32,0.85,100,0.001,population,30,10,3,0.25,0.0001,0.5775862068965517,0.5775862068965518,0.5645846987323029,0.5645846987323029,116,29,snnTorch,177,tonic,2,6
64,0.9,100,0.001,population,30,10,3,0.25,0.0001,0.5775862068965517,0.5775862068965518,0.5629305977710233,0.5629305977710233,116,29,snnTorch,285,tonic,2,6
8,0.85,200,0.005,population,30,10,3,0.25,0.0001,0.5775862068965517,0.5775862068965518,0.5607593146886534,0.5607593146886534,116,29,snnTorch,27,tonic,2,6
16,0.9,200,0.001,population,30,10,3,0.25,0.0001,0.5775862068965517,0.5775862068965517,0.5652152152152152,0.5652152152152151,116,29,snnTorch,132,tonic,2,6
64,0.9,100,0.001,population,30,6,3,0.25,0.0001,0.5775862068965517,0.5775862068965517,0.5650147356580743,0.5650147356580743,116,29,snnTorch,284,tonic,2,6
64,0.85,200,0.0005,population,30,6,3,0.25,0.0001,0.5775862068965517,0.5775862068965517,0.5648481383405553,0.5648481383405554,116,29,snnTorch,263,tonic,2,6
64,0.85,100,0.001,population,30,6,3,0.25,0.0001,0.5775862068965517,0.5775862068965517,0.5640763985604272,0.5640763985604272,116,29,snnTorch,257,tonic,2,6
32,0.85,50,0.005,population,30,10,3,0.25,0.0001,0.5775862068965517,0.5775862068965517,0.5632075471698113,0.5632075471698114,116,29,snnTorch,171,tonic,2,6
32,0.9,200,0.0005,population,30,10,3,0.25,0.0001,0.5775862068965517,0.5775862068965517,0.5623349618835654,0.5623349618835654,116,29,snnTorch,210,tonic,2,6
64,0.9,50,0.005,population,30,6,3,0.25,0.0001,0.5775862068965517,0.5775862068965517,0.5612878254750175,0.5612878254750175,116,29,snnTorch,278,tonic,2,6
8,0.85,100,0.005,population,30,10,3,0.25,0.0001,0.5775862068965517,0.5775862068965517,0.5609649122807018,0.5609649122807018,116,29,snnTorch,18,tonic,2,6
64,0.95,200,0.001,population,30,4,3,0.25,0.0001,0.5775862068965517,0.5775862068965517,0.5577554770723864,0.5577554770723863,116,29,snnTorch,319,tonic,2,6
8,0.95,200,0.005,population,30,6,3,0.25,0.0001,0.5775862068965517,0.5775862068965517,0.5525957219851785,0.5525957219851786,116,29,snnTorch,80,tonic,2,6
64,0.95,100,0.005,population,30,10,3,0.25,0.0001,0.5775862068965517,0.5775862068965516,0.5562714669010069,0.5562714669010069,116,29,snnTorch,315,tonic,2,6
64,0.85,100,0.001,population,30,4,3,0.25,0.0001,0.5689655172413793,0.5689655172413793,0.561952226012286,0.5619522260122861,116,29,snnTorch,256,tonic,2,6
64,0.95,100,0.0005,population,30,10,3,0.25,0.0001,0.5689655172413793,0.5689655172413793,0.5586845988302099,0.55868459883021,116,29,snnTorch,309,tonic,2,6
64,0.95,200,0.0005,population,30,10,3,0.25,0.0001,0.5689655172413793,0.5689655172413793,0.5573666308628714,0.5573666308628714,116,29,snnTorch,318,tonic,2,6
64,0.9,100,0.0005,population,30,6,3,0.25,0.0001,0.5689655172413793,0.5689655172413793,0.5560611756664389,0.5560611756664389,116,29,snnTorch,281,tonic,2,6
64,0.9,200,0.001,population,30,6,3,0.25,0.0001,0.5689655172413793,0.5689655172413793,0.5497806945463974,0.5497806945463974,116,29,snnTorch,293,tonic,2,6
16,0.95,200,0.005,population,30,6,3,0.25,0.0001,0.5689655172413793,0.5689655172413793,0.5493193290542481,0.5493193290542481,116,29,snnTorch,161,tonic,2,6
16,0.85,100,0.005,population,30,6,3,0.25,0.0001,0.5689655172413793,0.5689655172413793,0.5485574457509516,0.5485574457509516,116,29,snnTorch,98,tonic,2,6
32,0.95,200,0.001,population,30,6,3,0.25,0.0001,0.5689655172413793,0.5689655172413793,0.545207183365537,0.5452071833655371,116,29,snnTorch,239,tonic,2,6
8,0.95,200,0.005,population,30,4,3,0.25,0.0001,0.5689655172413793,0.5689655172413793,0.531593079361234,0.5315930793612339,116,29,snnTorch,79,tonic,2,6
32,0.85,100,0.005,population,30,4,3,0.25,0.0001,0.5689655172413793,0.5689655172413792,0.5566714990886507,0.5566714990886507,116,29,snnTorch,178,tonic,2,6
64,0.95,100,0.005,population,30,6,3,0.25,0.0001,0.5689655172413793,0.5689655172413792,0.556617333168085,0.556617333168085,116,29,snnTorch,314,tonic,2,6
8,0.95,200,0.005,population,30,10,3,0.25,0.0001,0.5689655172413793,0.5689655172413792,0.5485659565657063,0.5485659565657063,116,29,snnTorch,81,tonic,2,6
32,0.95,100,0.005,population,30,10,3,0.25,0.0001,0.5689655172413793,0.5689655172413792,0.5423772272924815,0.5423772272924815,116,29,snnTorch,234,tonic,2,6
32,0.85,200,0.0005,population,30,6,3,0.25,0.0001,0.5603448275862069,0.560344827586207,0.5582595950520479,0.5582595950520479,116,29,snnTorch,182,tonic,2,6
64,0.95,100,0.001,population,30,6,3,0.25,0.0001,0.5603448275862069,0.5603448275862069,0.5488514476907174,0.5488514476907174,116,29,snnTorch,311,tonic,2,6
16,0.85,100,0.005,population,30,4,3,0.25,0.0001,0.5603448275862069,0.5603448275862069,0.5484469234469235,0.5484469234469235,116,29,snnTorch,97,tonic,2,6
32,0.85,200,0.0005,population,30,10,3,0.25,0.0001,0.5603448275862069,0.5603448275862069,0.5477506519849319,0.5477506519849319,116,29,snnTorch,183,tonic,2,6
32,0.9,100,0.001,population,30,10,3,0.25,0.0001,0.5603448275862069,0.5603448275862069,0.5464200107729599,0.5464200107729599,116,29,snnTorch,204,tonic,2,6
32,0.9,100,0.005,population,30,6,3,0.25,0.0001,0.5603448275862069,0.5603448275862069,0.544668749499319,0.5446687494993191,116,29,snnTorch,206,tonic,2,6
16,0.9,200,0.001,population,30,6,3,0.25,0.0001,0.5603448275862069,0.5603448275862069,0.5434935434935435,0.5434935434935435,116,29,snnTorch,131,tonic,2,6
64,0.85,50,0.005,population,30,6,3,0.25,0.0001,0.5603448275862069,0.5603448275862069,0.542495126705653,0.542495126705653,116,29,snnTorch,251,tonic,2,6
32,0.9,50,0.005,population,30,6,3,0.25,0.0001,0.5603448275862069,0.5603448275862069,0.5299842883822963,0.5299842883822963,116,29,snnTorch,197,tonic,2,6
64,0.95,50,0.005,population,30,10,3,0.25,0.0001,0.5603448275862069,0.5603448275862069,0.5299618859401468,0.5299618859401468,116,29,snnTorch,306,tonic,2,6
16,0.95,200,0.005,population,30,4,3,0.25,0.0001,0.5517241379310345,0.5517241379310345,0.5412106639529785,0.5412106639529785,116,29,snnTorch,160,tonic,2,6
16,0.9,200,0.001,population,30,4,3,0.25,0.0001,0.5517241379310345,0.5517241379310345,0.5345415349340625,0.5345415349340625,116,29,snnTorch,130,tonic,2,6
32,0.9,200,0.005,population,30,4,3,0.25,0.0001,0.5517241379310345,0.5517241379310345,0.5321959149562226,0.5321959149562226,116,29,snnTorch,214,tonic,2,6
32,0.95,50,0.005,population,30,10,3,0.25,0.0001,0.5517241379310345,0.5517241379310345,0.5321851121033929,0.5321851121033929,116,29,snnTorch,225,tonic,2,6
16,0.9,100,0.005,population,30,6,3,0.25,0.0001,0.5517241379310345,0.5517241379310345,0.5316817289529242,0.5316817289529242,116,29,snnTorch,125,tonic,2,6
64,0.95,200,0.005,population,30,4,3,0.25,0.0001,0.5517241379310345,0.5517241379310345,0.529817731885401,0.5298177318854009,116,29,snnTorch,322,tonic,2,6
8,0.9,100,0.005,population,30,10,3,0.25,0.0001,0.5517241379310345,0.5517241379310345,0.5275160653448782,0.5275160653448782,116,29,snnTorch,45,tonic,2,6
8,0.85,100,0.005,population,30,6,3,0.25,0.0001,0.5517241379310345,0.5517241379310345,0.52526286966046,0.52526286966046,116,29,snnTorch,17,tonic,2,6
32,0.95,200,0.005,population,30,4,3,0.25,0.0001,0.5517241379310345,0.5517241379310345,0.5241520796593929,0.524152079659393,116,29,snnTorch,241,tonic,2,6
64,0.85,100,0.0005,population,30,4,3,0.25,0.0001,0.5431034482758621,0.5431034482758621,0.5346374986650374,0.5346374986650373,116,29,snnTorch,253,tonic,2,6
32,0.9,200,0.001,population,30,4,3,0.25,0.0001,0.5431034482758621,0.5431034482758621,0.5288785428408069,0.5288785428408069,116,29,snnTorch,211,tonic,2,6
64,0.9,100,0.0005,population,30,10,3,0.25,0.0001,0.5431034482758621,0.5431034482758621,0.5273525352961282,0.5273525352961282,116,29,snnTorch,282,tonic,2,6
32,0.85,200,0.0005,population,30,4,3,0.25,0.0001,0.5431034482758621,0.5431034482758621,0.5247371675943104,0.5247371675943104,116,29,snnTorch,181,tonic,2,6
64,0.9,200,0.0005,population,30,6,3,0.25,0.0001,0.5431034482758621,0.5431034482758621,0.5227761844416283,0.5227761844416283,116,29,snnTorch,290,tonic,2,6
8,0.9,200,0.005,population,30,4,3,0.25,0.0001,0.5431034482758621,0.5431034482758621,0.5163548708997983,0.5163548708997981,116,29,snnTorch,52,tonic,2,6
64,0.95,100,0.005,population,30,4,3,0.25,0.0001,0.5431034482758621,0.5431034482758621,0.5146369830975588,0.5146369830975588,116,29,snnTorch,313,tonic,2,6
8,0.95,100,0.005,population,30,10,3,0.25,0.0001,0.5431034482758621,0.5431034482758621,0.5116666666666667,0.5116666666666667,116,29,snnTorch,72,tonic,2,6
32,0.9,100,0.005,population,30,4,3,0.25,0.0001,0.5344827586206896,0.5344827586206897,0.5188289069868017,0.5188289069868017,116,29,snnTorch,205,tonic,2,6
32,0.9,200,0.0005,population,30,6,3,0.25,0.0001,0.5344827586206896,0.5344827586206897,0.5187412587412588,0.5187412587412588,116,29,snnTorch,209,tonic,2,6
16,0.95,200,0.001,population,30,10,3,0.25,0.0001,0.5344827586206896,0.5344827586206897,0.5161665825445035,0.5161665825445035,116,29,snnTorch,159,tonic,2,6
64,0.85,50,0.001,population,30,10,3,0.25,0.0001,0.5344827586206896,0.5344827586206896,0.5236711734436486,0.5236711734436486,116,29,snnTorch,249,tonic,2,6
64,0.95,100,0.001,population,30,4,3,0.25,0.0001,0.5344827586206896,0.5344827586206896,0.5222756410256411,0.5222756410256411,116,29,snnTorch,310,tonic,2,6
8,0.85,200,0.005,population,30,4,3,0.25,0.0001,0.5344827586206896,0.5344827586206896,0.515447601243546,0.5154476012435459,116,29,snnTorch,25,tonic,2,6
64,0.95,50,0.001,population,30,10,3,0.25,0.0001,0.5344827586206896,0.5344827586206896,0.5039482764883223,0.5039482764883222,116,29,snnTorch,303,tonic,2,6
64,0.9,50,0.001,population,30,10,3,0.25,0.0001,0.5258620689655172,0.5258620689655172,0.514444621162657,0.514444621162657,116,29,snnTorch,276,tonic,2,6
16,0.9,100,0.005,population,30,4,3,0.25,0.0001,0.5258620689655172,0.5258620689655172,0.5072323525856327,0.5072323525856328,116,29,snnTorch,124,tonic,2,6
32,0.95,100,0.005,population,30,6,3,0.25,0.0001,0.5258620689655172,0.5258620689655172,0.5042996659511045,0.5042996659511044,116,29,snnTorch,233,tonic,2,6
32,0.95,200,0.0005,population,30,10,3,0.25,0.0001,0.5258620689655172,0.5258620689655172,0.5019772511956535,0.5019772511956535,116,29,snnTorch,237,tonic,2,6
16,0.85,200,0.001,population,30,4,3,0.25,0.0001,0.5258620689655172,0.5258620689655172,0.49793148028442147,0.49793148028442147,116,29,snnTorch,103,tonic,2,6
32,0.9,50,0.005,population,30,10,3,0.25,0.0001,0.5258620689655172,0.5258620689655172,0.4952996761108141,0.4952996761108141,116,29,snnTorch,198,tonic,2,6
64,0.95,50,0.005,population,30,6,3,0.25,0.0001,0.5258620689655172,0.5258620689655172,0.48960228354939384,0.48960228354939384,116,29,snnTorch,305,tonic,2,6
16,0.95,200,0.001,population,30,6,3,0.25,0.0001,0.5258620689655172,0.5258620689655171,0.5075632221946443,0.5075632221946443,116,29,snnTorch,158,tonic,2,6
64,0.9,50,0.001,population,30,6,3,0.25,0.0001,0.5172413793103449,0.5172413793103449,0.5014285714285713,0.5014285714285713,116,29,snnTorch,275,tonic,2,6
32,0.95,100,0.001,population,30,10,3,0.25,0.0001,0.5172413793103449,0.5172413793103449,0.4820906539766099,0.48209065397660994,116,29,snnTorch,231,tonic,2,6
16,0.85,50,0.005,population,30,10,3,0.25,0.0001,0.5172413793103449,0.5172413793103448,0.5068167126990657,0.5068167126990656,116,29,snnTorch,90,tonic,2,6
64,0.9,100,0.001,population,30,4,3,0.25,0.0001,0.5172413793103449,0.5172413793103448,0.5064368770764119,0.5064368770764119,116,29,snnTorch,283,tonic,2,6
64,0.9,50,0.005,population,30,4,3,0.25,0.0001,0.5172413793103449,0.5172413793103448,0.4871437827597829,0.48714378275978293,116,29,snnTorch,277,tonic,2,6
8,0.95,100,0.005,population,30,6,3,0.25,0.0001,0.5172413793103449,0.5172413793103448,0.4608480075200364,0.46084800752003635,116,29,snnTorch,71,tonic,2,6
32,0.95,200,0.0005,population,30,6,3,0.25,0.0001,0.5086206896551724,0.5086206896551724,0.4941586940734426,0.49415869407344265,116,29,snnTorch,236,tonic,2,6
16,0.85,200,0.001,population,30,6,3,0.25,0.0001,0.5086206896551724,0.5086206896551724,0.4904792560398968,0.49047925603989684,116,29,snnTorch,104,tonic,2,6
32,0.85,100,0.001,population,30,6,3,0.25,0.0001,0.5086206896551724,0.5086206896551724,0.4900944996747249,0.4900944996747249,116,29,snnTorch,176,tonic,2,6
32,0.85,50,0.005,population,30,4,3,0.25,0.0001,0.5086206896551724,0.5086206896551724,0.48789890142349157,0.48789890142349157,116,29,snnTorch,169,tonic,2,6
32,0.95,100,0.005,population,30,4,3,0.25,0.0001,0.5086206896551724,0.5086206896551724,0.48447298163050956,0.4844729816305096,116,29,snnTorch,232,tonic,2,6
32,0.9,100,0.001,population,30,6,3,0.25,0.0001,0.5086206896551724,0.5086206896551724,0.4823145245559039,0.4823145245559039,116,29,snnTorch,203,tonic,2,6
64,0.85,100,0.0005,population,30,6,3,0.25,0.0001,0.5,0.5,0.48869985946257133,0.4886998594625713,116,29,snnTorch,254,tonic,2,6
16,0.95,100,0.005,population,30,4,3,0.25,0.0001,0.5,0.5,0.4856840261188088,0.4856840261188087,116,29,snnTorch,151,tonic,2,6
32,0.95,100,0.0005,population,30,10,3,0.25,0.0001,0.5,0.5,0.4749472888570633,0.4749472888570633,116,29,snnTorch,228,tonic,2,6
32,0.95,200,0.001,population,30,4,3,0.25,0.0001,0.5,0.5,0.47251210075425776,0.4725121007542578,116,29,snnTorch,238,tonic,2,6
64,0.95,200,0.0005,population,30,4,3,0.25,0.0001,0.5,0.5,0.47012609757707796,0.470126097577078,116,29,snnTorch,316,tonic,2,6
16,0.85,50,0.005,population,30,6,3,0.25,0.0001,0.5,0.5,0.46707815243487294,0.467078152434873,116,29,snnTorch,89,tonic,2,6
8,0.9,100,0.005,population,30,4,3,0.25,0.0001,0.5,0.5,0.4631104851514686,0.4631104851514686,116,29,snnTorch,43,tonic,2,6
8,0.9,100,0.005,population,30,6,3,0.25,0.0001,0.49137931034482757,0.4913793103448276,0.47017785737297935,0.47017785737297935,116,29,snnTorch,44,tonic,2,6
64,0.9,100,0.0005,population,30,4,3,0.25,0.0001,0.49137931034482757,0.49137931034482757,0.4729314333115987,0.4729314333115988,116,29,snnTorch,280,tonic,2,6
64,0.85,50,0.001,population,30,6,3,0.25,0.0001,0.49137931034482757,0.4913793103448275,0.48032707750860804,0.48032707750860804,116,29,snnTorch,248,tonic,2,6
64,0.95,100,0.0005,population,30,4,3,0.25,0.0001,0.4827586206896552,0.4827586206896552,0.45850143942868543,0.45850143942868543,116,29,snnTorch,307,tonic,2,6
8,0.85,100,0.005,population,30,4,3,0.25,0.0001,0.4827586206896552,0.4827586206896552,0.45347425419567483,0.45347425419567483,116,29,snnTorch,16,tonic,2,6
32,0.95,50,0.005,population,30,6,3,0.25,0.0001,0.4827586206896552,0.4827586206896552,0.4501456126282024,0.45014561262820246,116,29,snnTorch,224,tonic,2,6
64,0.95,50,0.005,population,30,4,3,0.25,0.0001,0.4827586206896552,0.4827586206896552,0.43295026200825787,0.4329502620082579,116,29,snnTorch,304,tonic,2,6
16,0.85,50,0.005,population,30,4,3,0.25,0.0001,0.4827586206896552,0.48275862068965514,0.45665918586440557,0.45665918586440557,116,29,snnTorch,88,tonic,2,6
16,0.95,50,0.005,population,30,6,3,0.25,0.0001,0.4827586206896552,0.48275862068965514,0.45464131994261126,0.45464131994261114,116,29,snnTorch,143,tonic,2,6
16,0.95,200,0.001,population,30,4,3,0.25,0.0001,0.47413793103448276,0.4741379310344828,0.43876939460252873,0.4387693946025287,116,29,snnTorch,157,tonic,2,6
8,0.9,200,0.001,population,30,10,3,0.25,0.0001,0.47413793103448276,0.47413793103448276,0.45293429350678405,0.45293429350678405,116,29,snnTorch,51,tonic,2,6
16,0.9,50,0.005,population,30,10,3,0.25,0.0001,0.47413793103448276,0.47413793103448276,0.45197500607447205,0.45197500607447205,116,29,snnTorch,117,tonic,2,6
32,0.95,100,0.001,population,30,6,3,0.25,0.0001,0.47413793103448276,0.47413793103448276,0.45083043318337435,0.4508304331833743,116,29,snnTorch,230,tonic,2,6
8,0.85,200,0.001,population,30,10,3,0.25,0.0001,0.47413793103448276,0.47413793103448276,0.43959813771134526,0.4395981377113452,116,29,snnTorch,24,tonic,2,6
8,0.95,100,0.005,population,30,4,3,0.25,0.0001,0.47413793103448276,0.47413793103448276,0.4260886079383597,0.4260886079383597,116,29,snnTorch,70,tonic,2,6
16,0.9,200,0.0005,population,30,10,3,0.25,0.0001,0.46551724137931033,0.4655172413793104,0.4412765508780001,0.4412765508780001,116,29,snnTorch,129,tonic,2,6
32,0.85,100,0.0005,population,30,6,3,0.25,0.0001,0.46551724137931033,0.4655172413793104,0.43389947192804984,0.43389947192804984,116,29,snnTorch,173,tonic,2,6
64,0.95,50,0.001,population,30,6,3,0.25,0.0001,0.46551724137931033,0.4655172413793104,0.4332623897841289,0.43326238978412895,116,29,snnTorch,302,tonic,2,6
32,0.85,100,0.001,population,30,4,3,0.25,0.0001,0.46551724137931033,0.4655172413793104,0.431978502487221,0.4319785024872211,116,29,snnTorch,175,tonic,2,6
32,0.95,50,0.001,population,30,10,3,0.25,0.0001,0.46551724137931033,0.4655172413793104,0.4266799266799267,0.42667992667992666,116,29,snnTorch,222,tonic,2,6
32,0.95,200,0.0005,population,30,4,3,0.25,0.0001,0.46551724137931033,0.4655172413793104,0.420342610502185,0.42034261050218497,116,29,snnTorch,235,tonic,2,6
16,0.95,50,0.005,population,30,10,3,0.25,0.0001,0.46551724137931033,0.4655172413793103,0.43569375021053747,0.43569375021053747,116,29,snnTorch,144,tonic,2,6
64,0.85,50,0.001,population,30,4,3,0.25,0.0001,0.45689655172413796,0.45689655172413796,0.43997678121372064,0.43997678121372064,116,29,snnTorch,247,tonic,2,6
64,0.9,50,0.001,population,30,4,3,0.25,0.0001,0.45689655172413796,0.45689655172413796,0.43892496392496394,0.43892496392496383,116,29,snnTorch,274,tonic,2,6
8,0.9,200,0.001,population,30,6,3,0.25,0.0001,0.45689655172413796,0.45689655172413796,0.4320858662613982,0.43208586626139817,116,29,snnTorch,50,tonic,2,6
32,0.9,100,0.0005,population,30,10,3,0.25,0.0001,0.45689655172413796,0.45689655172413796,0.41817855818316685,0.41817855818316674,116,29,snnTorch,201,tonic,2,6
32,0.9,100,0.001,population,30,4,3,0.25,0.0001,0.45689655172413796,0.4568965517241379,0.4418274143958035,0.4418274143958035,116,29,snnTorch,202,tonic,2,6
64,0.95,100,0.0005,population,30,6,3,0.25,0.0001,0.45689655172413796,0.4568965517241379,0.43205321178715284,0.43205321178715284,116,29,snnTorch,308,tonic,2,6
8,0.95,200,0.001,population,30,10,3,0.25,0.0001,0.45689655172413796,0.4568965517241379,0.42682599355531686,0.4268259935553168,116,29,snnTorch,78,tonic,2,6
16,0.85,200,0.0005,population,30,10,3,0.25,0.0001,0.4482758620689655,0.4482758620689656,0.4276643180254738,0.4276643180254737,116,29,snnTorch,102,tonic,2,6
16,0.9,50,0.005,population,30,6,3,0.25,0.0001,0.4482758620689655,0.4482758620689655,0.43686003936807105,0.43686003936807105,116,29,snnTorch,116,tonic,2,6
16,0.95,200,0.0005,population,30,10,3,0.25,0.0001,0.4482758620689655,0.4482758620689655,0.4244771982867221,0.4244771982867221,116,29,snnTorch,156,tonic,2,6
8,0.95,200,0.001,population,30,6,3,0.25,0.0001,0.4482758620689655,0.4482758620689655,0.42212937284883545,0.42212937284883545,116,29,snnTorch,77,tonic,2,6
32,0.9,200,0.0005,population,30,4,3,0.25,0.0001,0.4482758620689655,0.4482758620689655,0.42107911545839743,0.4210791154583974,116,29,snnTorch,208,tonic,2,6
32,0.95,50,0.001,population,30,6,3,0.25,0.0001,0.4482758620689655,0.4482758620689655,0.40535216417569353,0.4053521641756936,116,29,snnTorch,221,tonic,2,6
8,0.85,50,0.005,population,30,10,3,0.25,0.0001,0.4482758620689655,0.4482758620689655,0.3856859128954462,0.3856859128954462,116,29,snnTorch,9,tonic,2,6
8,0.95,50,0.005,population,30,6,3,0.25,0.0001,0.4396551724137931,0.43965517241379315,0.36886548057455326,0.36886548057455326,116,29,snnTorch,62,tonic,2,6
8,0.85,200,0.001,population,30,6,3,0.25,0.0001,0.4396551724137931,0.4396551724137931,0.4151591543257006,0.41515915432570055,116,29,snnTorch,23,tonic,2,6
64,0.85,50,0.0005,population,30,10,3,0.25,0.0001,0.43103448275862066,0.4310344827586207,0.40766258934863586,0.40766258934863586,116,29,snnTorch,246,tonic,2,6
32,0.9,50,0.001,population,30,10,3,0.25,0.0001,0.43103448275862066,0.4310344827586207,0.3980771453465628,0.3980771453465628,116,29,snnTorch,195,tonic,2,6
16,0.9,100,0.001,population,30,6,3,0.25,0.0001,0.43103448275862066,0.4310344827586207,0.3958056833745268,0.39580568337452676,116,29,snnTorch,122,tonic,2,6
32,0.95,50,0.005,population,30,4,3,0.25,0.0001,0.43103448275862066,0.4310344827586207,0.38438486413229944,0.38438486413229944,116,29,snnTorch,223,tonic,2,6
32,0.9,50,0.005,population,30,4,3,0.25,0.0001,0.43103448275862066,0.43103448275862066,0.40477509844517523,0.40477509844517523,116,29,snnTorch,196,tonic,2,6
8,0.85,200,0.0005,population,30,10,3,0.25,0.0001,0.43103448275862066,0.43103448275862066,0.4034993677497388,0.4034993677497388,116,29,snnTorch,21,tonic,2,6
32,0.95,100,0.0005,population,30,6,3,0.25,0.0001,0.43103448275862066,0.43103448275862066,0.39698912198912195,0.39698912198912195,116,29,snnTorch,227,tonic,2,6
16,0.9,50,0.005,population,30,4,3,0.25,0.0001,0.4224137931034483,0.4224137931034483,0.40179035250463824,0.40179035250463824,116,29,snnTorch,115,tonic,2,6
32,0.95,100,0.001,population,30,4,3,0.25,0.0001,0.4224137931034483,0.4224137931034483,0.3942307692307692,0.3942307692307692,116,29,snnTorch,229,tonic,2,6
64,0.9,50,0.0005,population,30,10,3,0.25,0.0001,0.4224137931034483,0.4224137931034483,0.3931980824440445,0.3931980824440445,116,29,snnTorch,273,tonic,2,6
64,0.9,50,0.0005,population,30,6,3,0.25,0.0001,0.4224137931034483,0.4224137931034483,0.39092624870763837,0.39092624870763837,116,29,snnTorch,272,tonic,2,6
64,0.95,50,0.001,population,30,4,3,0.25,0.0001,0.4224137931034483,0.4224137931034483,0.38213653096078837,0.3821365309607884,116,29,snnTorch,301,tonic,2,6
32,0.9,100,0.0005,population,30,4,3,0.25,0.0001,0.4224137931034483,0.4224137931034483,0.38203463203463206,0.38203463203463206,116,29,snnTorch,199,tonic,2,6
16,0.95,200,0.0005,population,30,6,3,0.25,0.0001,0.4224137931034483,0.4224137931034483,0.3765462506841817,0.3765462506841817,116,29,snnTorch,155,tonic,2,6
16,0.9,100,0.001,population,30,10,3,0.25,0.0001,0.41379310344827586,0.4137931034482759,0.38399064171123,0.38399064171123,116,29,snnTorch,123,tonic,2,6
8,0.85,200,0.001,population,30,4,3,0.25,0.0001,0.41379310344827586,0.4137931034482759,0.3665454941350798,0.3665454941350798,116,29,snnTorch,22,tonic,2,6
64,0.85,50,0.0005,population,30,6,3,0.25,0.0001,0.41379310344827586,0.41379310344827586,0.39865280805647785,0.3986528080564778,116,29,snnTorch,245,tonic,2,6
64,0.95,50,0.0005,population,30,10,3,0.25,0.0001,0.41379310344827586,0.41379310344827586,0.38627767032022353,0.3862776703202235,116,29,snnTorch,300,tonic,2,6
16,0.95,100,0.001,population,30,10,3,0.25,0.0001,0.41379310344827586,0.41379310344827586,0.3762023851467627,0.37620238514676274,116,29,snnTorch,150,tonic,2,6
8,0.9,50,0.005,population,30,10,3,0.25,0.0001,0.41379310344827586,0.4137931034482758,0.36216776348355295,0.362167763483553,116,29,snnTorch,36,tonic,2,6
32,0.85,100,0.0005,population,30,10,3,0.25,0.0001,0.41379310344827586,0.4137931034482758,0.3551062091503268,0.35510620915032676,116,29,snnTorch,174,tonic,2,6
16,0.85,100,0.001,population,30,10,3,0.25,0.0001,0.4051724137931034,0.4051724137931035,0.36823051171688187,0.3682305117168819,116,29,snnTorch,96,tonic,2,6
32,0.9,50,0.001,population,30,6,3,0.25,0.0001,0.4051724137931034,0.4051724137931034,0.37399708008403665,0.3739970800840366,116,29,snnTorch,194,tonic,2,6
16,0.85,200,0.0005,population,30,6,3,0.25,0.0001,0.4051724137931034,0.4051724137931034,0.36290356929891815,0.3629035692989182,116,29,snnTorch,101,tonic,2,6
64,0.95,50,0.0005,population,30,4,3,0.25,0.0001,0.4051724137931034,0.4051724137931034,0.3589865289258807,0.3589865289258806,116,29,snnTorch,298,tonic,2,6
8,0.85,50,0.005,population,30,6,3,0.25,0.0001,0.4051724137931034,0.4051724137931034,0.34235687518250546,0.3423568751825054,116,29,snnTorch,8,tonic,2,6
8,0.95,50,0.005,population,30,10,3,0.25,0.0001,0.4051724137931034,0.4051724137931034,0.32202380952380955,0.32202380952380955,116,29,snnTorch,63,tonic,2,6
16,0.9,200,0.0005,population,30,6,3,0.25,0.0001,0.39655172413793105,0.39655172413793105,0.36649249443367093,0.3664924944336709,116,29,snnTorch,128,tonic,2,6
32,0.9,100,0.0005,population,30,6,3,0.25,0.0001,0.39655172413793105,0.39655172413793105,0.35799399422374384,0.35799399422374384,116,29,snnTorch,200,tonic,2,6
32,0.9,50,0.001,population,30,4,3,0.25,0.0001,0.3879310344827586,0.3879310344827587,0.34599476188488426,0.34599476188488426,116,29,snnTorch,193,tonic,2,6
8,0.85,50,0.005,population,30,4,3,0.25,0.0001,0.3879310344827586,0.3879310344827587,0.3381756756756757,0.3381756756756757,116,29,snnTorch,7,tonic,2,6
8,0.95,200,0.0005,population,30,6,3,0.25,0.0001,0.3879310344827586,0.3879310344827586,0.38048896999794934,0.38048896999794934,116,29,snnTorch,74,tonic,2,6
8,0.9,50,0.005,population,30,4,3,0.25,0.0001,0.3879310344827586,0.3879310344827586,0.34475850946439185,0.34475850946439185,116,29,snnTorch,34,tonic,2,6
64,0.95,50,0.0005,population,30,6,3,0.25,0.0001,0.3879310344827586,0.3879310344827586,0.34281238811313997,0.34281238811314,116,29,snnTorch,299,tonic,2,6
16,0.85,200,0.0005,population,30,4,3,0.25,0.0001,0.3879310344827586,0.3879310344827586,0.3416666666666667,0.3416666666666667,116,29,snnTorch,100,tonic,2,6
8,0.9,50,0.005,population,30,6,3,0.25,0.0001,0.3879310344827586,0.3879310344827586,0.3363989326617497,0.3363989326617497,116,29,snnTorch,35,tonic,2,6
16,0.95,50,0.005,population,30,4,3,0.25,0.0001,0.3879310344827586,0.3879310344827586,0.32752585630525166,0.32752585630525155,116,29,snnTorch,142,tonic,2,6
16,0.95,100,0.001,population,30,6,3,0.25,0.0001,0.3879310344827586,0.38793103448275856,0.32932194616977223,0.32932194616977223,116,29,snnTorch,149,tonic,2,6
8,0.85,100,0.001,population,30,10,3,0.25,0.0001,0.3793103448275862,0.37931034482758624,0.3510043224002034,0.3510043224002034,116,29,snnTorch,15,tonic,2,6
64,0.85,50,0.0005,population,30,4,3,0.25,0.0001,0.3793103448275862,0.37931034482758624,0.3382434891740378,0.33824348917403785,116,29,snnTorch,244,tonic,2,6
32,0.85,50,0.001,population,30,6,3,0.25,0.0001,0.3793103448275862,0.37931034482758624,0.33049004264600595,0.33049004264600595,116,29,snnTorch,167,tonic,2,6
32,0.85,100,0.0005,population,30,4,3,0.25,0.0001,0.3793103448275862,0.37931034482758624,0.3226064827845013,0.3226064827845013,116,29,snnTorch,172,tonic,2,6
16,0.9,200,0.0005,population,30,4,3,0.25,0.0001,0.3793103448275862,0.3793103448275862,0.34491482329010936,0.3449148232901093,116,29,snnTorch,127,tonic,2,6
8,0.9,200,0.001,population,30,4,3,0.25,0.0001,0.3793103448275862,0.3793103448275862,0.3355815544488886,0.3355815544488886,116,29,snnTorch,49,tonic,2,6
8,0.9,100,0.001,population,30,10,3,0.25,0.0001,0.3706896551724138,0.3706896551724138,0.36261623325453113,0.36261623325453113,116,29,snnTorch,42,tonic,2,6
8,0.95,200,0.0005,population,30,10,3,0.25,0.0001,0.3706896551724138,0.3706896551724138,0.3601401553529213,0.36014015535292127,116,29,snnTorch,75,tonic,2,6
32,0.85,50,0.001,population,30,4,3,0.25,0.0001,0.3706896551724138,0.37068965517241376,0.3143905128405735,0.3143905128405735,116,29,snnTorch,166,tonic,2,6
8,0.9,100,0.001,population,30,6,3,0.25,0.0001,0.3620689655172414,0.36206896551724144,0.3454148508496334,0.34541485084963347,116,29,snnTorch,41,tonic,2,6
8,0.9,200,0.0005,population,30,10,3,0.25,0.0001,0.3620689655172414,0.3620689655172414,0.35512646793134595,0.355126467931346,116,29,snnTorch,48,tonic,2,6
8,0.85,200,0.0005,population,30,6,3,0.25,0.0001,0.3620689655172414,0.3620689655172414,0.34233823762062965,0.3423382376206297,116,29,snnTorch,20,tonic,2,6
16,0.85,100,0.001,population,30,6,3,0.25,0.0001,0.3620689655172414,0.3620689655172414,0.31789533995416347,0.31789533995416347,116,29,snnTorch,95,tonic,2,6
16,0.85,100,0.001,population,30,4,3,0.25,0.0001,0.3620689655172414,0.3620689655172414,0.3046430519834775,0.3046430519834775,116,29,snnTorch,94,tonic,2,6
32,0.85,50,0.001,population,30,10,3,0.25,0.0001,0.3620689655172414,0.3620689655172414,0.3024848950997109,0.3024848950997109,116,29,snnTorch,168,tonic,2,6
8,0.85,100,0.001,population,30,6,3,0.25,0.0001,0.3620689655172414,0.3620689655172413,0.3379207064586174,0.3379207064586173,116,29,snnTorch,14,tonic,2,6
8,0.95,100,0.001,population,30,10,3,0.25,0.0001,0.35344827586206895,0.35344827586206895,0.33561068730340715,0.33561068730340715,116,29,snnTorch,69,tonic,2,6
64,0.9,50,0.0005,population,30,4,3,0.25,0.0001,0.35344827586206895,0.35344827586206895,0.31849362326027664,0.3184936232602767,116,29,snnTorch,271,tonic,2,6
16,0.95,200,0.0005,population,30,4,3,0.25,0.0001,0.35344827586206895,0.35344827586206895,0.3008720540177895,0.3008720540177895,116,29,snnTorch,154,tonic,2,6
8,0.95,50,0.005,population,30,4,3,0.25,0.0001,0.35344827586206895,0.35344827586206895,0.2824640251110839,0.2824640251110839,116,29,snnTorch,61,tonic,2,6
8,0.95,200,0.001,population,30,4,3,0.25,0.0001,0.3448275862068966,0.3448275862068966,0.2860688956433637,0.2860688956433637,116,29,snnTorch,76,tonic,2,6
8,0.9,200,0.0005,population,30,6,3,0.25,0.0001,0.3448275862068966,0.3448275862068965,0.3344154267014368,0.3344154267014368,116,29,snnTorch,47,tonic,2,6
16,0.95,100,0.001,population,30,4,3,0.25,0.0001,0.3448275862068966,0.3448275862068965,0.3009050987101236,0.3009050987101236,116,29,snnTorch,148,tonic,2,6
8,0.95,100,0.001,population,30,6,3,0.25,0.0001,0.33620689655172414,0.33620689655172414,0.3237106163220005,0.3237106163220005,116,29,snnTorch,68,tonic,2,6
8,0.9,100,0.001,population,30,4,3,0.25,0.0001,0.33620689655172414,0.33620689655172414,0.3009029598788536,0.3009029598788536,116,29,snnTorch,40,tonic,2,6
32,0.9,50,0.0005,population,30,10,3,0.25,0.0001,0.33620689655172414,0.33620689655172414,0.29883283382560033,0.29883283382560033,116,29,snnTorch,192,tonic,2,6
16,0.85,100,0.0005,population,30,6,3,0.25,0.0001,0.33620689655172414,0.33620689655172414,0.2901459548927491,0.2901459548927491,116,29,snnTorch,92,tonic,2,6
8,0.85,200,0.0005,population,30,4,3,0.25,0.0001,0.33620689655172414,0.3362068965517241,0.30317130906416623,0.30317130906416623,116,29,snnTorch,19,tonic,2,6
8,0.9,200,0.0005,population,30,4,3,0.25,0.0001,0.3275862068965517,0.3275862068965517,0.31329619488244737,0.3132961948824473,116,29,snnTorch,46,tonic,2,6
8,0.95,100,0.001,population,30,4,3,0.25,0.0001,0.3275862068965517,0.3275862068965517,0.3092722092722093,0.3092722092722093,116,29,snnTorch,67,tonic,2,6
16,0.95,50,0.001,population,30,10,3,0.25,0.0001,0.3275862068965517,0.3275862068965517,0.29483695652173914,0.2948369565217391,116,29,snnTorch,141,tonic,2,6
16,0.9,100,0.001,population,30,4,3,0.25,0.0001,0.3275862068965517,0.3275862068965517,0.2794850950174788,0.2794850950174788,116,29,snnTorch,121,tonic,2,6
8,0.9,100,0.0005,population,30,6,3,0.25,0.0001,0.31896551724137934,0.31896551724137934,0.30815049760235186,0.30815049760235186,116,29,snnTorch,38,tonic,2,6
8,0.85,100,0.0005,population,30,10,3,0.25,0.0001,0.31896551724137934,0.31896551724137934,0.3021881378871978,0.3021881378871978,116,29,snnTorch,12,tonic,2,6
32,0.95,50,0.001,population,30,4,3,0.25,0.0001,0.31896551724137934,0.31896551724137934,0.25475135086119066,0.25475135086119066,116,29,snnTorch,220,tonic,2,6
16,0.85,50,0.001,population,30,6,3,0.25,0.0001,0.31896551724137934,0.31896551724137934,0.251498485573091,0.251498485573091,116,29,snnTorch,86,tonic,2,6
32,0.85,50,0.0005,population,30,10,3,0.25,0.0001,0.31896551724137934,0.31896551724137934,0.24152807976337387,0.24152807976337384,116,29,snnTorch,165,tonic,2,6
16,0.85,50,0.001,population,30,10,3,0.25,0.0001,0.31896551724137934,0.31896551724137934,0.23374582494865465,0.23374582494865465,116,29,snnTorch,87,tonic,2,6
8,0.95,200,0.0005,population,30,4,3,0.25,0.0001,0.3103448275862069,0.3103448275862069,0.2930995329917163,0.29309953299171626,116,29,snnTorch,73,tonic,2,6
8,0.95,100,0.0005,population,30,10,3,0.25,0.0001,0.3103448275862069,0.3103448275862069,0.2907217954617862,0.2907217954617862,116,29,snnTorch,66,tonic,2,6
16,0.95,100,0.0005,population,30,10,3,0.25,0.0001,0.3103448275862069,0.3103448275862069,0.28240218718479587,0.2824021871847958,116,29,snnTorch,147,tonic,2,6
16,0.9,50,0.001,population,30,10,3,0.25,0.0001,0.3103448275862069,0.3103448275862069,0.2721424774056353,0.27214247740563524,116,29,snnTorch,114,tonic,2,6
16,0.95,100,0.0005,population,30,6,3,0.25,0.0001,0.3103448275862069,0.3103448275862069,0.26906209292227534,0.2690620929222753,116,29,snnTorch,146,tonic,2,6
16,0.95,100,0.0005,population,30,4,3,0.25,0.0001,0.3103448275862069,0.31034482758620685,0.27574187944316186,0.2757418794431618,116,29,snnTorch,145,tonic,2,6
16,0.9,50,0.001,population,30,6,3,0.25,0.0001,0.3103448275862069,0.31034482758620685,0.26803040516387333,0.26803040516387333,116,29,snnTorch,113,tonic,2,6
32,0.85,50,0.0005,population,30,6,3,0.25,0.0001,0.3103448275862069,0.31034482758620685,0.25806973656781107,0.258069736567811,116,29,snnTorch,164,tonic,2,6
8,0.9,50,0.001,population,30,6,3,0.25,0.0001,0.3017241379310345,0.30172413793103453,0.2864039158712493,0.28640391587124936,116,29,snnTorch,32,tonic,2,6
16,0.9,100,0.0005,population,30,4,3,0.25,0.0001,0.3017241379310345,0.30172413793103453,0.2648213913457816,0.2648213913457816,116,29,snnTorch,118,tonic,2,6
8,0.85,100,0.001,population,30,4,3,0.25,0.0001,0.3017241379310345,0.30172413793103453,0.25812141099261693,0.25812141099261693,116,29,snnTorch,13,tonic,2,6
8,0.95,100,0.0005,population,30,4,3,0.25,0.0001,0.3017241379310345,0.3017241379310345,0.2908166278559617,0.29081662785596163,116,29,snnTorch,64,tonic,2,6
32,0.95,50,0.0005,population,30,10,3,0.25,0.0001,0.3017241379310345,0.3017241379310345,0.2876167858447727,0.28761678584477274,116,29,snnTorch,219,tonic,2,6
8,0.95,50,0.001,population,30,10,3,0.25,0.0001,0.3017241379310345,0.3017241379310345,0.28386915551032954,0.28386915551032954,116,29,snnTorch,60,tonic,2,6
32,0.95,100,0.0005,population,30,4,3,0.25,0.0001,0.3017241379310345,0.3017241379310345,0.25680285868392666,0.25680285868392666,116,29,snnTorch,226,tonic,2,6
16,0.85,100,0.0005,population,30,10,3,0.25,0.0001,0.3017241379310345,0.3017241379310345,0.2515667818420112,0.2515667818420112,116,29,snnTorch,93,tonic,2,6
16,0.9,50,0.001,population,30,4,3,0.25,0.0001,0.3017241379310345,0.3017241379310345,0.25028191422443286,0.25028191422443286,116,29,snnTorch,112,tonic,2,6
32,0.85,50,0.0005,population,30,4,3,0.25,0.0001,0.3017241379310345,0.3017241379310345,0.2322966031656362,0.2322966031656362,116,29,snnTorch,163,tonic,2,6
16,0.85,100,0.0005,population,30,4,3,0.25,0.0001,0.3017241379310345,0.3017241379310345,0.22518720018720018,0.22518720018720018,116,29,snnTorch,91,tonic,2,6
8,0.85,50,0.001,population,30,10,3,0.25,0.0001,0.29310344827586204,0.2931034482758621,0.2762200760721353,0.2762200760721352,116,29,snnTorch,6,tonic,2,6
32,0.9,50,0.0005,population,30,6,3,0.25,0.0001,0.29310344827586204,0.2931034482758621,0.2609909263784051,0.2609909263784051,116,29,snnTorch,191,tonic,2,6
16,0.9,100,0.0005,population,30,10,3,0.25,0.0001,0.29310344827586204,0.2931034482758621,0.2580747275557862,0.2580747275557862,116,29,snnTorch,120,tonic,2,6
8,0.85,100,0.0005,population,30,4,3,0.25,0.0001,0.29310344827586204,0.29310344827586204,0.27085419136667743,0.27085419136667743,116,29,snnTorch,10,tonic,2,6
32,0.9,50,0.0005,population,30,4,3,0.25,0.0001,0.29310344827586204,0.29310344827586204,0.26978388916542223,0.2697838891654223,116,29,snnTorch,190,tonic,2,6
8,0.95,50,0.0005,population,30,4,3,0.25,0.0001,0.28448275862068967,0.28448275862068967,0.27314814814814814,0.27314814814814814,116,29,snnTorch,55,tonic,2,6
32,0.95,50,0.0005,population,30,6,3,0.25,0.0001,0.28448275862068967,0.28448275862068967,0.26116529132283073,0.26116529132283073,116,29,snnTorch,218,tonic,2,6
8,0.85,100,0.0005,population,30,6,3,0.25,0.0001,0.28448275862068967,0.28448275862068967,0.2607649666473196,0.2607649666473196,116,29,snnTorch,11,tonic,2,6
16,0.9,100,0.0005,population,30,6,3,0.25,0.0001,0.28448275862068967,0.28448275862068967,0.24665463746474198,0.246654637464742,116,29,snnTorch,119,tonic,2,6
8,0.95,50,0.001,population,30,4,3,0.25,0.0001,0.27586206896551724,0.27586206896551724,0.2645577728504558,0.26455777285045573,116,29,snnTorch,58,tonic,2,6
8,0.95,50,0.001,population,30,6,3,0.25,0.0001,0.27586206896551724,0.27586206896551724,0.25942460317460314,0.2594246031746032,116,29,snnTorch,59,tonic,2,6
8,0.9,50,0.001,population,30,10,3,0.25,0.0001,0.27586206896551724,0.27586206896551724,0.25754664438874963,0.25754664438874963,116,29,snnTorch,33,tonic,2,6
8,0.9,100,0.0005,population,30,10,3,0.25,0.0001,0.27586206896551724,0.27586206896551724,0.25338793323093856,0.25338793323093856,116,29,snnTorch,39,tonic,2,6
16,0.95,50,0.001,population,30,6,3,0.25,0.0001,0.27586206896551724,0.27586206896551724,0.23589544513457558,0.23589544513457558,116,29,snnTorch,140,tonic,2,6
16,0.95,50,0.001,population,30,4,3,0.25,0.0001,0.27586206896551724,0.27586206896551724,0.23536585365853657,0.2353658536585366,116,29,snnTorch,139,tonic,2,6
16,0.85,50,0.001,population,30,4,3,0.25,0.0001,0.27586206896551724,0.27586206896551724,0.1961265313079829,0.1961265313079829,116,29,snnTorch,85,tonic,2,6
8,0.85,50,0.001,population,30,4,3,0.25,0.0001,0.27586206896551724,0.2758620689655172,0.25266097379417685,0.25266097379417685,116,29,snnTorch,4,tonic,2,6
32,0.95,50,0.0005,population,30,4,3,0.25,0.0001,0.2672413793103448,0.26724137931034486,0.23467081931887757,0.23467081931887754,116,29,snnTorch,217,tonic,2,6
8,0.85,50,0.0005,population,30,4,3,0.25,0.0001,0.2672413793103448,0.2672413793103448,0.2501727675833766,0.2501727675833766,116,29,snnTorch,1,tonic,2,6
8,0.9,50,0.0005,population,30,10,3,0.25,0.0001,0.2672413793103448,0.2672413793103448,0.2470018656925473,0.24700186569254734,116,29,snnTorch,30,tonic,2,6
8,0.85,50,0.001,population,30,6,3,0.25,0.0001,0.2672413793103448,0.2672413793103448,0.24546197518841492,0.2454619751884149,116,29,snnTorch,5,tonic,2,6
8,0.9,50,0.0005,population,30,6,3,0.25,0.0001,0.2672413793103448,0.2672413793103448,0.24267373110145693,0.24267373110145696,116,29,snnTorch,29,tonic,2,6
8,0.95,50,0.0005,population,30,10,3,0.25,0.0001,0.25862068965517243,0.25862068965517243,0.24564748736247397,0.245647487362474,116,29,snnTorch,57,tonic,2,6
8,0.95,100,0.0005,population,30,6,3,0.25,0.0001,0.25862068965517243,0.25862068965517243,0.24441377705868045,0.24441377705868048,116,29,snnTorch,65,tonic,2,6
8,0.9,100,0.0005,population,30,4,3,0.25,0.0001,0.25862068965517243,0.25862068965517243,0.2383668730650155,0.23836687306501553,116,29,snnTorch,37,tonic,2,6
8,0.9,50,0.001,population,30,4,3,0.25,0.0001,0.25862068965517243,0.25862068965517243,0.23490856844305122,0.23490856844305122,116,29,snnTorch,31,tonic,2,6
16,0.9,50,0.0005,population,30,6,3,0.25,0.0001,0.25862068965517243,0.25862068965517243,0.22871068335801137,0.2287106833580114,116,29,snnTorch,110,tonic,2,6
16,0.9,50,0.0005,population,30,10,3,0.25,0.0001,0.25862068965517243,0.2586206896551724,0.21979991785483777,0.21979991785483777,116,29,snnTorch,111,tonic,2,6
8,0.95,50,0.0005,population,30,6,3,0.25,0.0001,0.25,0.25,0.23934738147032278,0.23934738147032275,116,29,snnTorch,56,tonic,2,6
8,0.9,50,0.0005,population,30,4,3,0.25,0.0001,0.25,0.25,0.23117816091954022,0.2311781609195402,116,29,snnTorch,28,tonic,2,6
16,0.9,50,0.0005,population,30,4,3,0.25,0.0001,0.25,0.25,0.23015088775958342,0.23015088775958345,116,29,snnTorch,109,tonic,2,6
16,0.85,50,0.0005,population,30,10,3,0.25,0.0001,0.2413793103448276,0.24137931034482762,0.18917788094114854,0.1891778809411485,116,29,snnTorch,84,tonic,2,6
8,0.85,50,0.0005,population,30,6,3,0.25,0.0001,0.2413793103448276,0.2413793103448276,0.2225410768093695,0.22254107680936946,116,29,snnTorch,2,tonic,2,6
16,0.95,50,0.0005,population,30,6,3,0.25,0.0001,0.2413793103448276,0.2413793103448276,0.21621469474014496,0.21621469474014499,116,29,snnTorch,137,tonic,2,6
16,0.85,50,0.0005,population,30,6,3,0.25,0.0001,0.2413793103448276,0.2413793103448276,0.19510412860796492,0.19510412860796494,116,29,snnTorch,83,tonic,2,6
16,0.95,50,0.0005,population,30,10,3,0.25,0.0001,0.2413793103448276,0.24137931034482757,0.21087714574441208,0.21087714574441208,116,29,snnTorch,138,tonic,2,6
16,0.95,50,0.0005,population,30,4,3,0.25,0.0001,0.23275862068965517,0.2327586206896552,0.20519265946651627,0.2051926594665163,116,29,snnTorch,136,tonic,2,6
16,0.85,50,0.0005,population,30,4,3,0.25,0.0001,0.23275862068965517,0.2327586206896552,0.18774131274131275,0.18774131274131273,116,29,snnTorch,82,tonic,2,6
8,0.85,50,0.0005,population,30,10,3,0.25,0.0001,0.23275862068965517,0.23275862068965517,0.20895252837977296,0.20895252837977293,116,29,snnTorch,3,tonic,2,6
